This file contains any messages produced by compilers while
running configure, to aid debugging if configure makes a mistake.

It was created by mpg123 configure 1.32.10, which was
generated by GNU Autoconf 2.71.  Invocation command line was

  $ ./configure --disable-debug

## --------- ##
## Platform. ##
## --------- ##

hostname = oar-HP-Notebook
uname -m = x86_64
uname -r = 5.4.0-72-generic
uname -s = Linux
uname -v = #80-Ubuntu SMP Mon Apr 12 17:35:00 UTC 2021

/usr/bin/uname -p = x86_64
/bin/uname -X     = unknown

/bin/arch              = x86_64
/usr/bin/arch -k       = unknown
/usr/convex/getsysinfo = unknown
/usr/bin/hostinfo      = unknown
/bin/machine           = unknown
/usr/bin/oslevel       = unknown
/bin/universe          = unknown

PATH: /mnt/FASTstorage/FASTprogs/emscr/emsdk/
PATH: /mnt/FASTstorage/FASTprogs/emscr/emsdk/upstream/emscripten/
PATH: /home/user/VulkanSDK/1.3.224.1/x86_64/bin/
PATH: /home/oar_X_I/.nvm/versions/node/v14.21.3/bin/
PATH: /home/oar_X_I/.local/bin/
PATH: /usr/local/sbin/
PATH: /usr/local/bin/
PATH: /usr/sbin/
PATH: /usr/bin/
PATH: /sbin/
PATH: /bin/
PATH: /usr/games/
PATH: /usr/local/games/
PATH: /snap/bin/


## ----------- ##
## Core tests. ##
## ----------- ##

configure:3222: looking for aux files: ltmain.sh compile missing install-sh config.guess config.sub
configure:3235:  trying ./build/
configure:3264:   ./build/ltmain.sh found
configure:3264:   ./build/compile found
configure:3264:   ./build/missing found
configure:3246:   ./build/install-sh found
configure:3264:   ./build/config.guess found
configure:3264:   ./build/config.sub found
configure:3407: checking build system type
configure:3422: result: x86_64-pc-linux-gnu
configure:3442: checking host system type
configure:3456: result: x86_64-pc-linux-gnu
configure:3494: checking for a BSD-compatible install
configure:3567: result: /usr/bin/install -c
configure:3578: checking whether build environment is sane
configure:3633: result: yes
configure:3790: checking for a race-free mkdir -p
configure:3834: result: /usr/bin/mkdir -p
configure:3841: checking for gawk
configure:3862: found /usr/bin/gawk
configure:3873: result: gawk
configure:3884: checking whether make sets $(MAKE)
configure:3907: result: yes
configure:3937: checking whether make supports nested variables
configure:3955: result: yes
configure:4098: checking for -Werror in CFLAGS (It breaks tests)
configure:4114: result: no
configure:4126: checking if you are up to something totally static with LDFLAGS/CFLAGS
configure:4151: result: no
configure:4172: checking whether make supports the include directive
configure:4187: make -f confmf.GNU && cat confinc.out
this is the am__doit target
configure:4190: $? = 0
configure:4209: result: yes (GNU style)
configure:4285: checking for gcc
configure:4306: found /usr/bin/gcc
configure:4317: result: gcc
configure:4670: checking for C compiler version
configure:4679: gcc --version >&5
gcc (Ubuntu 9.4.0-1ubuntu1~20.04.2) 9.4.0
Copyright (C) 2019 Free Software Foundation, Inc.
This is free software; see the source for copying conditions.  There is NO
warranty; not even for MERCHANTABILITY or FITNESS FOR A PARTICULAR PURPOSE.

configure:4690: $? = 0
configure:4679: gcc -v >&5
Using built-in specs.
COLLECT_GCC=gcc
COLLECT_LTO_WRAPPER=/usr/lib/gcc/x86_64-linux-gnu/9/lto-wrapper
OFFLOAD_TARGET_NAMES=nvptx-none:hsa
OFFLOAD_TARGET_DEFAULT=1
Target: x86_64-linux-gnu
Configured with: ../src/configure -v --with-pkgversion='Ubuntu 9.4.0-1ubuntu1~20.04.2' --with-bugurl=file:///usr/share/doc/gcc-9/README.Bugs --enable-languages=c,ada,c++,go,brig,d,fortran,objc,obj-c++,gm2 --prefix=/usr --with-gcc-major-version-only --program-suffix=-9 --program-prefix=x86_64-linux-gnu- --enable-shared --enable-linker-build-id --libexecdir=/usr/lib --without-included-gettext --enable-threads=posix --libdir=/usr/lib --enable-nls --enable-clocale=gnu --enable-libstdcxx-debug --enable-libstdcxx-time=yes --with-default-libstdcxx-abi=new --enable-gnu-unique-object --disable-vtable-verify --enable-plugin --enable-default-pie --with-system-zlib --with-target-system-zlib=auto --enable-objc-gc=auto --enable-multiarch --disable-werror --with-arch-32=i686 --with-abi=m64 --with-multilib-list=m32,m64,mx32 --enable-multilib --with-tune=generic --enable-offload-targets=nvptx-none=/build/gcc-9-9QDOt0/gcc-9-9.4.0/debian/tmp-nvptx/usr,hsa --without-cuda-driver --enable-checking=release --build=x86_64-linux-gnu --host=x86_64-linux-gnu --target=x86_64-linux-gnu
Thread model: posix
gcc version 9.4.0 (Ubuntu 9.4.0-1ubuntu1~20.04.2) 
configure:4690: $? = 0
configure:4679: gcc -V >&5
gcc: error: unrecognized command line option '-V'
gcc: fatal error: no input files
compilation terminated.
configure:4690: $? = 1
configure:4679: gcc -qversion >&5
gcc: error: unrecognized command line option '-qversion'; did you mean '--version'?
gcc: fatal error: no input files
compilation terminated.
configure:4690: $? = 1
configure:4679: gcc -version >&5
gcc: error: unrecognized command line option '-version'
gcc: fatal error: no input files
compilation terminated.
configure:4690: $? = 1
configure:4710: checking whether the C compiler works
configure:4732: gcc    conftest.c  >&5
configure:4736: $? = 0
configure:4786: result: yes
configure:4789: checking for C compiler default output file name
configure:4791: result: a.out
configure:4797: checking for suffix of executables
configure:4804: gcc -o conftest    conftest.c  >&5
configure:4808: $? = 0
configure:4831: result: 
configure:4853: checking whether we are cross compiling
configure:4861: gcc -o conftest    conftest.c  >&5
configure:4865: $? = 0
configure:4872: ./conftest
configure:4876: $? = 0
configure:4864: result: no
configure:4869: checking for suffix of object files
configure:4892: gcc -c   conftest.c >&5
configure:4896: $? = 0
configure:4918: result: o
configure:4922: checking whether the compiler supports GNU C
configure:4942: gcc -c   conftest.c >&5
configure:4942: $? = 0
configure:4952: result: yes
configure:4963: checking whether gcc accepts -g
configure:4984: gcc -c -g  conftest.c >&5
configure:4984: $? = 0
configure:5028: result: yes
configure:5048: checking for gcc option to enable C11 features
configure:5063: gcc  -c -g -O2  conftest.c >&5
configure:5063: $? = 0
configure:5081: result: none needed
configure:5197: checking whether gcc understands -c and -o together
configure:5220: gcc -c conftest.c -o conftest2.o
configure:5223: $? = 0
configure:5220: gcc -c conftest.c -o conftest2.o
configure:5223: $? = 0
configure:5235: result: yes
configure:5254: checking dependency style of gcc
configure:5366: result: gcc3
configure:5390: checking dependency style of gcc
configure:5500: result: gcc3
configure:5568: checking for gcc
configure:5600: result: gcc
configure:5953: checking for C compiler version
configure:5962: gcc --version >&5
gcc (Ubuntu 9.4.0-1ubuntu1~20.04.2) 9.4.0
Copyright (C) 2019 Free Software Foundation, Inc.
This is free software; see the source for copying conditions.  There is NO
warranty; not even for MERCHANTABILITY or FITNESS FOR A PARTICULAR PURPOSE.

configure:5973: $? = 0
configure:5962: gcc -v >&5
Using built-in specs.
COLLECT_GCC=gcc
COLLECT_LTO_WRAPPER=/usr/lib/gcc/x86_64-linux-gnu/9/lto-wrapper
OFFLOAD_TARGET_NAMES=nvptx-none:hsa
OFFLOAD_TARGET_DEFAULT=1
Target: x86_64-linux-gnu
Configured with: ../src/configure -v --with-pkgversion='Ubuntu 9.4.0-1ubuntu1~20.04.2' --with-bugurl=file:///usr/share/doc/gcc-9/README.Bugs --enable-languages=c,ada,c++,go,brig,d,fortran,objc,obj-c++,gm2 --prefix=/usr --with-gcc-major-version-only --program-suffix=-9 --program-prefix=x86_64-linux-gnu- --enable-shared --enable-linker-build-id --libexecdir=/usr/lib --without-included-gettext --enable-threads=posix --libdir=/usr/lib --enable-nls --enable-clocale=gnu --enable-libstdcxx-debug --enable-libstdcxx-time=yes --with-default-libstdcxx-abi=new --enable-gnu-unique-object --disable-vtable-verify --enable-plugin --enable-default-pie --with-system-zlib --with-target-system-zlib=auto --enable-objc-gc=auto --enable-multiarch --disable-werror --with-arch-32=i686 --with-abi=m64 --with-multilib-list=m32,m64,mx32 --enable-multilib --with-tune=generic --enable-offload-targets=nvptx-none=/build/gcc-9-9QDOt0/gcc-9-9.4.0/debian/tmp-nvptx/usr,hsa --without-cuda-driver --enable-checking=release --build=x86_64-linux-gnu --host=x86_64-linux-gnu --target=x86_64-linux-gnu
Thread model: posix
gcc version 9.4.0 (Ubuntu 9.4.0-1ubuntu1~20.04.2) 
configure:5973: $? = 0
configure:5962: gcc -V >&5
gcc: error: unrecognized command line option '-V'
gcc: fatal error: no input files
compilation terminated.
configure:5973: $? = 1
configure:5962: gcc -qversion >&5
gcc: error: unrecognized command line option '-qversion'; did you mean '--version'?
gcc: fatal error: no input files
compilation terminated.
configure:5973: $? = 1
configure:5962: gcc -version >&5
gcc: error: unrecognized command line option '-version'
gcc: fatal error: no input files
compilation terminated.
configure:5973: $? = 1
configure:5977: checking whether the compiler supports GNU C
configure:6007: result: yes
configure:6018: checking whether gcc accepts -g
configure:6083: result: yes
configure:6103: checking for gcc option to enable C11 features
configure:6136: result: none needed
configure:6252: checking whether gcc understands -c and -o together
configure:6290: result: yes
configure:6309: checking dependency style of gcc
configure:6421: result: gcc3
configure:6441: checking how to run the C preprocessor
configure:6467: gcc -E  conftest.c
configure:6467: $? = 0
configure:6482: gcc -E  conftest.c
conftest.c:11:10: fatal error: ac_nonexistent.h: No such file or directory
   11 | #include <ac_nonexistent.h>
      |          ^~~~~~~~~~~~~~~~~~
compilation terminated.
configure:6482: $? = 1
configure: failed program was:
| /* confdefs.h */
| #define PACKAGE_NAME "mpg123"
| #define PACKAGE_TARNAME "mpg123"
| #define PACKAGE_VERSION "1.32.10"
| #define PACKAGE_STRING "mpg123 1.32.10"
| #define PACKAGE_BUGREPORT "maintainer@mpg123.org"
| #define PACKAGE_URL ""
| #define PACKAGE "mpg123"
| #define VERSION "1.32.10"
| /* end confdefs.h.  */
| #include <ac_nonexistent.h>
configure:6509: result: gcc -E
configure:6523: gcc -E  conftest.c
configure:6523: $? = 0
configure:6538: gcc -E  conftest.c
conftest.c:11:10: fatal error: ac_nonexistent.h: No such file or directory
   11 | #include <ac_nonexistent.h>
      |          ^~~~~~~~~~~~~~~~~~
compilation terminated.
configure:6538: $? = 1
configure: failed program was:
| /* confdefs.h */
| #define PACKAGE_NAME "mpg123"
| #define PACKAGE_TARNAME "mpg123"
| #define PACKAGE_VERSION "1.32.10"
| #define PACKAGE_STRING "mpg123 1.32.10"
| #define PACKAGE_BUGREPORT "maintainer@mpg123.org"
| #define PACKAGE_URL ""
| #define PACKAGE "mpg123"
| #define VERSION "1.32.10"
| /* end confdefs.h.  */
| #include <ac_nonexistent.h>
configure:6660: checking for cos in -lm
configure:6683: gcc -o conftest -g -O2   conftest.c -lm   >&5
conftest.c:15:6: warning: conflicting types for built-in function 'cos'; expected 'double(double)' [-Wbuiltin-declaration-mismatch]
   15 | char cos ();
      |      ^~~
conftest.c:1:1: note: 'cos' is declared in header '<math.h>'
    1 | /* confdefs.h */
configure:6683: $? = 0
configure:6693: result: yes
configure:6704: checking for library containing clock_gettime
configure:6734: gcc -o conftest -g -O2   conftest.c  >&5
configure:6734: $? = 0
configure:6754: result: none required
configure:6767: checking for clock_gettime
configure:6767: gcc -o conftest -g -O2   conftest.c  >&5
configure:6767: $? = 0
configure:6767: result: yes
configure:6776: checking for grep that handles long lines and -e
configure:6840: result: /usr/bin/grep
configure:6845: checking for egrep
configure:6913: result: /usr/bin/grep -E
configure:6918: checking for an ANSI C-conforming const
configure:6985: gcc -c -g -O2  conftest.c >&5
configure:6985: $? = 0
configure:6993: result: yes
configure:7001: checking for inline
configure:7018: gcc -c -g -O2  conftest.c >&5
configure:7018: $? = 0
configure:7027: result: inline
configure:7049: checking for stdio.h
configure:7049: gcc -c -g -O2  conftest.c >&5
configure:7049: $? = 0
configure:7049: result: yes
configure:7049: checking for stdlib.h
configure:7049: gcc -c -g -O2  conftest.c >&5
configure:7049: $? = 0
configure:7049: result: yes
configure:7049: checking for string.h
configure:7049: gcc -c -g -O2  conftest.c >&5
configure:7049: $? = 0
configure:7049: result: yes
configure:7049: checking for inttypes.h
configure:7049: gcc -c -g -O2  conftest.c >&5
configure:7049: $? = 0
configure:7049: result: yes
configure:7049: checking for stdint.h
configure:7049: gcc -c -g -O2  conftest.c >&5
configure:7049: $? = 0
configure:7049: result: yes
configure:7049: checking for strings.h
configure:7049: gcc -c -g -O2  conftest.c >&5
configure:7049: $? = 0
configure:7049: result: yes
configure:7049: checking for sys/stat.h
configure:7049: gcc -c -g -O2  conftest.c >&5
configure:7049: $? = 0
configure:7049: result: yes
configure:7049: checking for sys/types.h
configure:7049: gcc -c -g -O2  conftest.c >&5
configure:7049: $? = 0
configure:7049: result: yes
configure:7049: checking for unistd.h
configure:7049: gcc -c -g -O2  conftest.c >&5
configure:7049: $? = 0
configure:7049: result: yes
configure:7074: checking whether byte ordering is bigendian
configure:7090: gcc -c -g -O2  conftest.c >&5
conftest.c:23:9: error: unknown type name 'not'
   23 |         not a universal capable compiler
      |         ^~~
conftest.c:23:15: error: expected '=', ',', ';', 'asm' or '__attribute__' before 'universal'
   23 |         not a universal capable compiler
      |               ^~~~~~~~~
conftest.c:23:15: error: unknown type name 'universal'
configure:7090: $? = 1
configure: failed program was:
| /* confdefs.h */
| #define PACKAGE_NAME "mpg123"
| #define PACKAGE_TARNAME "mpg123"
| #define PACKAGE_VERSION "1.32.10"
| #define PACKAGE_STRING "mpg123 1.32.10"
| #define PACKAGE_BUGREPORT "maintainer@mpg123.org"
| #define PACKAGE_URL ""
| #define PACKAGE "mpg123"
| #define VERSION "1.32.10"
| #define HAVE_CLOCK_GETTIME 1
| #define HAVE_STDIO_H 1
| #define HAVE_STDLIB_H 1
| #define HAVE_STRING_H 1
| #define HAVE_INTTYPES_H 1
| #define HAVE_STDINT_H 1
| #define HAVE_STRINGS_H 1
| #define HAVE_SYS_STAT_H 1
| #define HAVE_SYS_TYPES_H 1
| #define HAVE_UNISTD_H 1
| #define STDC_HEADERS 1
| /* end confdefs.h.  */
| #ifndef __APPLE_CC__
| 	       not a universal capable compiler
| 	     #endif
| 	     typedef int dummy;
| 
configure:7136: gcc -c -g -O2  conftest.c >&5
configure:7136: $? = 0
configure:7155: gcc -c -g -O2  conftest.c >&5
conftest.c: In function 'main':
conftest.c:29:4: error: unknown type name 'not'; did you mean 'ino_t'?
   29 |    not big endian
      |    ^~~
      |    ino_t
conftest.c:29:12: error: expected '=', ',', ';', 'asm' or '__attribute__' before 'endian'
   29 |    not big endian
      |            ^~~~~~
configure:7155: $? = 1
configure: failed program was:
| /* confdefs.h */
| #define PACKAGE_NAME "mpg123"
| #define PACKAGE_TARNAME "mpg123"
| #define PACKAGE_VERSION "1.32.10"
| #define PACKAGE_STRING "mpg123 1.32.10"
| #define PACKAGE_BUGREPORT "maintainer@mpg123.org"
| #define PACKAGE_URL ""
| #define PACKAGE "mpg123"
| #define VERSION "1.32.10"
| #define HAVE_CLOCK_GETTIME 1
| #define HAVE_STDIO_H 1
| #define HAVE_STDLIB_H 1
| #define HAVE_STRING_H 1
| #define HAVE_INTTYPES_H 1
| #define HAVE_STDINT_H 1
| #define HAVE_STRINGS_H 1
| #define HAVE_SYS_STAT_H 1
| #define HAVE_SYS_TYPES_H 1
| #define HAVE_UNISTD_H 1
| #define STDC_HEADERS 1
| /* end confdefs.h.  */
| #include <sys/types.h>
| 		#include <sys/param.h>
| 
| int
| main (void)
| {
| #if BYTE_ORDER != BIG_ENDIAN
| 		 not big endian
| 		#endif
| 
|   ;
|   return 0;
| }
configure:7289: result: no
configure:7347: checking for windows.h
configure:7347: gcc -c -g -O2  conftest.c >&5
conftest.c:51:10: fatal error: windows.h: No such file or directory
   51 | #include <windows.h>
      |          ^~~~~~~~~~~
compilation terminated.
configure:7347: $? = 1
configure: failed program was:
| /* confdefs.h */
| #define PACKAGE_NAME "mpg123"
| #define PACKAGE_TARNAME "mpg123"
| #define PACKAGE_VERSION "1.32.10"
| #define PACKAGE_STRING "mpg123 1.32.10"
| #define PACKAGE_BUGREPORT "maintainer@mpg123.org"
| #define PACKAGE_URL ""
| #define PACKAGE "mpg123"
| #define VERSION "1.32.10"
| #define HAVE_CLOCK_GETTIME 1
| #define HAVE_STDIO_H 1
| #define HAVE_STDLIB_H 1
| #define HAVE_STRING_H 1
| #define HAVE_INTTYPES_H 1
| #define HAVE_STDINT_H 1
| #define HAVE_STRINGS_H 1
| #define HAVE_SYS_STAT_H 1
| #define HAVE_SYS_TYPES_H 1
| #define HAVE_UNISTD_H 1
| #define STDC_HEADERS 1
| #define DYNAMIC_BUILD 1
| /* end confdefs.h.  */
| #include <stddef.h>
| #ifdef HAVE_STDIO_H
| # include <stdio.h>
| #endif
| #ifdef HAVE_STDLIB_H
| # include <stdlib.h>
| #endif
| #ifdef HAVE_STRING_H
| # include <string.h>
| #endif
| #ifdef HAVE_INTTYPES_H
| # include <inttypes.h>
| #endif
| #ifdef HAVE_STDINT_H
| # include <stdint.h>
| #endif
| #ifdef HAVE_STRINGS_H
| # include <strings.h>
| #endif
| #ifdef HAVE_SYS_TYPES_H
| # include <sys/types.h>
| #endif
| #ifdef HAVE_SYS_STAT_H
| # include <sys/stat.h>
| #endif
| #ifdef HAVE_UNISTD_H
| # include <unistd.h>
| #endif
| #include <windows.h>
configure:7347: result: no
configure:7545: checking for library containing dlopen
configure:7575: gcc -o conftest -g -O2   conftest.c  >&5
/usr/bin/ld: /tmp/ccONAOQo.o: in function `main':
/mnt/FASTstorage/FASTprogs/emotionstreamer/code/mpg123-1.32.10/conftest.c:31: undefined reference to `dlopen'
collect2: error: ld returned 1 exit status
configure:7575: $? = 1
configure: failed program was:
| /* confdefs.h */
| #define PACKAGE_NAME "mpg123"
| #define PACKAGE_TARNAME "mpg123"
| #define PACKAGE_VERSION "1.32.10"
| #define PACKAGE_STRING "mpg123 1.32.10"
| #define PACKAGE_BUGREPORT "maintainer@mpg123.org"
| #define PACKAGE_URL ""
| #define PACKAGE "mpg123"
| #define VERSION "1.32.10"
| #define HAVE_CLOCK_GETTIME 1
| #define HAVE_STDIO_H 1
| #define HAVE_STDLIB_H 1
| #define HAVE_STRING_H 1
| #define HAVE_INTTYPES_H 1
| #define HAVE_STDINT_H 1
| #define HAVE_STRINGS_H 1
| #define HAVE_SYS_STAT_H 1
| #define HAVE_SYS_TYPES_H 1
| #define HAVE_UNISTD_H 1
| #define STDC_HEADERS 1
| #define DYNAMIC_BUILD 1
| /* end confdefs.h.  */
| 
| /* Override any GCC internal prototype to avoid an error.
|    Use char because int might match the return type of a GCC
|    builtin and then its argument prototype would still apply.  */
| char dlopen ();
| int
| main (void)
| {
| return dlopen ();
|   ;
|   return 0;
| }
configure:7575: gcc -o conftest -g -O2   conftest.c -ldl   >&5
configure:7575: $? = 0
configure:7595: result: -ldl
configure:7604: checking for library containing dlsym
configure:7634: gcc -o conftest -g -O2   conftest.c -ldl  >&5
configure:7634: $? = 0
configure:7654: result: none required
configure:7663: checking for library containing dlclose
configure:7693: gcc -o conftest -g -O2   conftest.c -ldl  >&5
configure:7693: $? = 0
configure:7713: result: none required
configure:7722: checking for dlfcn.h
configure:7722: gcc -c -g -O2  conftest.c >&5
configure:7722: $? = 0
configure:7722: result: yes
configure:7732: checking for dlopen
configure:7732: gcc -o conftest -g -O2   conftest.c -ldl  >&5
configure:7732: $? = 0
configure:7732: result: yes
configure:7732: checking for dlsym
configure:7732: gcc -o conftest -g -O2   conftest.c -ldl  >&5
configure:7732: $? = 0
configure:7732: result: yes
configure:7732: checking for dlclose
configure:7732: gcc -o conftest -g -O2   conftest.c -ldl  >&5
configure:7732: $? = 0
configure:7732: result: yes
configure:7822: checking how to print strings
configure:7849: result: printf
configure:7870: checking for a sed that does not truncate output
configure:7940: result: /usr/bin/sed
configure:7958: checking for fgrep
configure:8026: result: /usr/bin/grep -F
configure:8062: checking for ld used by gcc
configure:8130: result: /usr/bin/ld
configure:8137: checking if the linker (/usr/bin/ld) is GNU ld
configure:8153: result: yes
configure:8165: checking for BSD- or MS-compatible name lister (nm)
configure:8220: result: /usr/bin/nm -B
configure:8360: checking the name lister (/usr/bin/nm -B) interface
configure:8368: gcc -c -g -O2  conftest.c >&5
configure:8371: /usr/bin/nm -B "conftest.o"
configure:8374: output
0000000000000000 B some_variable
configure:8375: result: BSD nm
configure:8378: checking whether ln -s works
configure:8382: result: yes
configure:8390: checking the maximum length of command line arguments
configure:8522: result: 1572864
configure:8570: checking how to convert x86_64-pc-linux-gnu file names to x86_64-pc-linux-gnu format
configure:8611: result: func_convert_file_noop
configure:8618: checking how to convert x86_64-pc-linux-gnu file names to toolchain format
configure:8639: result: func_convert_file_noop
configure:8646: checking for /usr/bin/ld option to reload object files
configure:8654: result: -r
configure:8733: checking for objdump
configure:8754: found /usr/bin/objdump
configure:8765: result: objdump
configure:8794: checking how to recognize dependent libraries
configure:8995: result: pass_all
configure:9085: checking for dlltool
configure:9120: result: no
configure:9147: checking how to associate runtime and link libraries
configure:9175: result: printf %s\n
configure:9240: checking for ar
configure:9261: found /usr/bin/ar
configure:9272: result: ar
configure:9309: checking for archiver @FILE support
configure:9327: gcc -c -g -O2  conftest.c >&5
configure:9327: $? = 0
configure:9331: ar cr libconftest.a @conftest.lst >&5
configure:9334: $? = 0
configure:9339: ar cr libconftest.a @conftest.lst >&5
ar: conftest.o: No such file or directory
configure:9342: $? = 1
configure:9341: result: @
configure:9404: checking for strip
configure:9425: found /usr/bin/strip
configure:9436: result: strip
configure:9513: checking for ranlib
configure:9534: found /usr/bin/ranlib
configure:9545: result: ranlib
configure:9647: checking command to parse /usr/bin/nm -B output from gcc object
configure:9801: gcc -c -g -O2  conftest.c >&5
configure:9804: $? = 0
configure:9808: /usr/bin/nm -B conftest.o | sed -n -e 's/^.*[	 ]\([ABCDGIRSTW][ABCDGIRSTW]*\)[	 ][	 ]*\([_A-Za-z][_A-Za-z0-9]*\)$/\1 \2 \2/p' | sed '/ __gnu_lto/d' > conftest.nm
configure:9874: gcc -o conftest -g -O2   conftest.c conftstm.o >&5
configure:9877: $? = 0
configure:9915: result: ok
configure:9962: checking for sysroot
configure:9993: result: no
configure:10000: checking for a working dd
configure:10044: result: /usr/bin/dd
configure:10048: checking how to truncate binary pipes
configure:10064: result: /usr/bin/dd bs=4096 count=1
configure:10201: gcc -c -g -O2  conftest.c >&5
configure:10204: $? = 0
configure:10401: checking for mt
configure:10422: found /usr/bin/mt
configure:10433: result: mt
configure:10456: checking if mt is a manifest tool
configure:10463: mt '-?'
configure:10471: result: no
configure:11197: checking for dlfcn.h
configure:11197: result: yes
configure:11783: checking for objdir
configure:11799: result: .libs
configure:12063: checking if gcc supports -fno-rtti -fno-exceptions
configure:12082: gcc -c -g -O2  -fno-rtti -fno-exceptions conftest.c >&5
cc1: warning: command line option '-fno-rtti' is valid for C++/D/ObjC++ but not for C
configure:12086: $? = 0
configure:12099: result: no
configure:12463: checking for gcc option to produce PIC
configure:12471: result: -fPIC -DPIC
configure:12479: checking if gcc PIC flag -fPIC -DPIC works
configure:12498: gcc -c -g -O2  -fPIC -DPIC -DPIC conftest.c >&5
configure:12502: $? = 0
configure:12515: result: yes
configure:12544: checking if gcc static flag -static works
configure:12573: result: yes
configure:12588: checking if gcc supports -c -o file.o
configure:12610: gcc -c -g -O2  -o out/conftest2.o conftest.c >&5
configure:12614: $? = 0
configure:12636: result: yes
configure:12644: checking if gcc supports -c -o file.o
configure:12692: result: yes
configure:12725: checking whether the gcc linker (/usr/bin/ld -m elf_x86_64) supports shared libraries
configure:13995: result: yes
configure:14032: checking whether -lc should be explicitly linked in
configure:14041: gcc -c -g -O2  conftest.c >&5
configure:14044: $? = 0
configure:14059: gcc -shared  -fPIC -DPIC conftest.o  -v -Wl,-soname -Wl,conftest -o conftest 2\>\&1 \| /usr/bin/grep  -lc  \>/dev/null 2\>\&1
configure:14062: $? = 0
configure:14076: result: no
configure:14236: checking dynamic linker characteristics
configure:14818: gcc -o conftest -g -O2   -Wl,-rpath -Wl,/foo conftest.c  >&5
configure:14818: $? = 0
configure:15069: result: GNU/Linux ld.so
configure:15191: checking how to hardcode library paths into programs
configure:15216: result: immediate
configure:15768: checking whether stripping libraries is possible
configure:15773: result: yes
configure:15808: checking if libtool supports shared libraries
configure:15810: result: yes
configure:15813: checking whether to build shared libraries
configure:15838: result: yes
configure:15841: checking whether to build static libraries
configure:15845: result: no
configure:12652: checking what extension is used for runtime loadable modules
configure:12665: result: .so
configure:13839: checking if .balign is present
configure:13844: result: yes
configure:13886: checking __attribute__((aligned(16)))
configure:13892: result: yes
configure:13904: checking if assembler supports AVX instructions
configure:13911: result: yes
configure:14011: checking for basic C99 features
configure:14017: gcc -o conftest -g -O2   conftest.c  >&5
configure:14017: $? = 0
configure:14019: result: yes
configure:14032: checking for unistd.h
configure:14032: result: yes
configure:14038: checking for sched.h
configure:14038: gcc -c -g -O2  conftest.c >&5
configure:14038: $? = 0
configure:14038: result: yes
configure:14044: checking for sys/ioctl.h
configure:14044: gcc -c -g -O2  conftest.c >&5
configure:14044: $? = 0
configure:14044: result: yes
configure:14050: checking for sys/types.h
configure:14050: result: yes
configure:14056: checking for sys/time.h
configure:14056: gcc -c -g -O2  conftest.c >&5
configure:14056: $? = 0
configure:14056: result: yes
configure:14062: checking for sys/wait.h
configure:14062: gcc -c -g -O2  conftest.c >&5
configure:14062: $? = 0
configure:14062: result: yes
configure:14068: checking for sys/resource.h
configure:14068: gcc -c -g -O2  conftest.c >&5
configure:14068: $? = 0
configure:14068: result: yes
configure:14074: checking for sys/signal.h
configure:14074: gcc -c -g -O2  conftest.c >&5
configure:14074: $? = 0
configure:14074: result: yes
configure:14080: checking for signal.h
configure:14080: gcc -c -g -O2  conftest.c >&5
configure:14080: $? = 0
configure:14080: result: yes
configure:14086: checking for sys/select.h
configure:14086: gcc -c -g -O2  conftest.c >&5
configure:14086: $? = 0
configure:14086: result: yes
configure:14092: checking for dirent.h
configure:14092: gcc -c -g -O2  conftest.c >&5
configure:14092: $? = 0
configure:14092: result: yes
configure:14098: checking for sys/stat.h
configure:14098: result: yes
configure:14138: checking switched off_t size
configure:14140: gcc -o conftest -g -O2   conftest.c  >&5
configure:14140: $? = 0
configure:14140: ./conftest
configure:14140: $? = 0
configure:14149: result: 8
configure:14151: checking unswitched off_t size
configure:14153: gcc -o conftest -g -O2   conftest.c  >&5
configure:14153: $? = 0
configure:14153: ./conftest
configure:14153: $? = 0
configure:14161: result: 8
configure:14168: checking size of off_t
configure:14174: gcc -o conftest -g -O2   conftest.c  >&5
configure:14174: $? = 0
configure:14174: ./conftest
configure:14174: $? = 0
configure:14192: result: 8
configure:14237: checking if native off_t is already 64 bits
configure:14240: result: yes
configure:14332: checking for mmap
configure:14332: gcc -o conftest -g -O2   conftest.c  >&5
configure:14332: $? = 0
configure:14332: result: yes
configure:14377: checking POSIX termios
configure:14398: gcc -o conftest -g -O2   conftest.c  >&5
configure:14398: $? = 0
configure:14407: result: yes
configure:14411: checking if we have wincon.h
configure:14421: gcc -c -g -O2  conftest.c >&5
conftest.c:50:10: fatal error: windows.h: No such file or directory
   50 | #include <windows.h>
      |          ^~~~~~~~~~~
compilation terminated.
configure:14421: $? = 1
configure: failed program was:
| /* confdefs.h */
| #define PACKAGE_NAME "mpg123"
| #define PACKAGE_TARNAME "mpg123"
| #define PACKAGE_VERSION "1.32.10"
| #define PACKAGE_STRING "mpg123 1.32.10"
| #define PACKAGE_BUGREPORT "maintainer@mpg123.org"
| #define PACKAGE_URL ""
| #define PACKAGE "mpg123"
| #define VERSION "1.32.10"
| #define HAVE_CLOCK_GETTIME 1
| #define HAVE_STDIO_H 1
| #define HAVE_STDLIB_H 1
| #define HAVE_STRING_H 1
| #define HAVE_INTTYPES_H 1
| #define HAVE_STDINT_H 1
| #define HAVE_STRINGS_H 1
| #define HAVE_SYS_STAT_H 1
| #define HAVE_SYS_TYPES_H 1
| #define HAVE_UNISTD_H 1
| #define STDC_HEADERS 1
| #define DYNAMIC_BUILD 1
| #define HAVE_DLOPEN 1
| #define HAVE_DLSYM 1
| #define HAVE_DLCLOSE 1
| #define HAVE_DLFCN_H 1
| #define LT_OBJDIR ".libs/"
| #define USE_MODULES 1
| #define LT_MODULE_EXT ".so"
| #define GAPLESS 1
| #define USE_NEW_HUFFTABLE 1
| #define ACCURATE_ROUNDING 1
| #define IEEE_FLOAT 1
| #define ASMALIGN_BALIGN 1
| #define HAVE_UNISTD_H 1
| #define HAVE_SCHED_H 1
| #define HAVE_SYS_IOCTL_H 1
| #define HAVE_SYS_TYPES_H 1
| #define HAVE_SYS_TIME_H 1
| #define HAVE_SYS_WAIT_H 1
| #define HAVE_SYS_RESOURCE_H 1
| #define HAVE_SYS_SIGNAL_H 1
| #define HAVE_SIGNAL_H 1
| #define HAVE_SYS_SELECT_H 1
| #define HAVE_DIRENT_H 1
| #define HAVE_SYS_STAT_H 1
| #define SIZEOF_OFF_T 8
| #define HAVE_MMAP 1
| /* end confdefs.h.  */
| 
| #include <windows.h>
| #include <wincon.h>
| void *v = &ReadConsoleInput;
| 
configure:14428: result: no
configure:14450: checking for random
configure:14450: gcc -o conftest -g -O2   conftest.c  >&5
configure:14450: $? = 0
configure:14450: result: yes
configure:14456: checking for setenv
configure:14456: gcc -o conftest -g -O2   conftest.c  >&5
configure:14456: $? = 0
configure:14456: result: yes
configure:14462: checking for unsetenv
configure:14462: gcc -o conftest -g -O2   conftest.c  >&5
configure:14462: $? = 0
configure:14462: result: yes
configure:14471: checking for sched_setscheduler
configure:14471: gcc -o conftest -g -O2   conftest.c  >&5
configure:14471: $? = 0
configure:14471: result: yes
configure:14477: checking for setuid
configure:14477: gcc -o conftest -g -O2   conftest.c  >&5
configure:14477: $? = 0
configure:14477: result: yes
configure:14483: checking for getuid
configure:14483: gcc -o conftest -g -O2   conftest.c  >&5
configure:14483: $? = 0
configure:14483: result: yes
configure:14492: checking for setpriority
configure:14492: gcc -o conftest -g -O2   conftest.c  >&5
configure:14492: $? = 0
configure:14492: result: yes
configure:14500: checking for strerror
configure:14500: gcc -o conftest -g -O2   conftest.c  >&5
configure:14500: $? = 0
configure:14500: result: yes
configure:14506: checking for strerror_l
configure:14506: gcc -o conftest -g -O2   conftest.c  >&5
configure:14506: $? = 0
configure:14506: result: yes
configure:14512: checking for uselocale
configure:14512: gcc -o conftest -g -O2   conftest.c  >&5
configure:14512: $? = 0
configure:14512: result: yes
configure:14520: checking for setlocale
configure:14520: gcc -o conftest -g -O2   conftest.c  >&5
configure:14520: $? = 0
configure:14520: result: yes
configure:14526: checking for nl_langinfo
configure:14526: gcc -o conftest -g -O2   conftest.c  >&5
configure:14526: $? = 0
configure:14526: result: yes
configure:14532: checking for mbstowcs
configure:14532: gcc -o conftest -g -O2   conftest.c  >&5
configure:14532: $? = 0
configure:14532: result: yes
configure:14538: checking for wcstombs
configure:14538: gcc -o conftest -g -O2   conftest.c  >&5
configure:14538: $? = 0
configure:14538: result: yes
configure:14544: checking for wcswidth
configure:14544: gcc -o conftest -g -O2   conftest.c  >&5
configure:14544: $? = 0
configure:14544: result: yes
configure:14550: checking for iswprint
configure:14550: gcc -o conftest -g -O2   conftest.c  >&5
conftest.c:82:6: warning: conflicting types for built-in function 'iswprint'; expected 'int(unsigned int)' [-Wbuiltin-declaration-mismatch]
   82 | char iswprint ();
      |      ^~~~~~~~
conftest.c:74:1: note: 'iswprint' is declared in header '<wctype.h>'
   73 | #include <limits.h>
   74 | #undef iswprint
configure:14550: $? = 0
configure:14550: result: yes
configure:14558: checking for atoll
configure:14558: gcc -o conftest -g -O2   conftest.c  >&5
configure:14558: $? = 0
configure:14558: result: yes
configure:14569: checking for mkfifo
configure:14569: gcc -o conftest -g -O2   conftest.c  >&5
configure:14569: $? = 0
configure:14569: result: yes
configure:14584: checking for fork
configure:14584: gcc -o conftest -g -O2   conftest.c  >&5
conftest.c:85:6: warning: conflicting types for built-in function 'fork'; expected 'int(void)' [-Wbuiltin-declaration-mismatch]
   85 | char fork ();
      |      ^~~~
configure:14584: $? = 0
configure:14584: result: yes
configure:14584: checking for execvp
configure:14584: gcc -o conftest -g -O2   conftest.c  >&5
conftest.c:86:6: warning: conflicting types for built-in function 'execvp'; expected 'int(const char *, char * const*)' [-Wbuiltin-declaration-mismatch]
   86 | char execvp ();
      |      ^~~~~~
configure:14584: $? = 0
configure:14584: result: yes
configure:14597: checking for ctermid
configure:14597: gcc -o conftest -g -O2   conftest.c  >&5
configure:14597: $? = 0
configure:14597: result: yes
configure:14619: gcc -o conftest -g -O2   conftest.c  >&5
conftest.c:72:10: fatal error: io.h: No such file or directory
   72 | #include <io.h>
      |          ^~~~~~
compilation terminated.
configure:14619: $? = 1
configure: failed program was:
| /* confdefs.h */
| #define PACKAGE_NAME "mpg123"
| #define PACKAGE_TARNAME "mpg123"
| #define PACKAGE_VERSION "1.32.10"
| #define PACKAGE_STRING "mpg123 1.32.10"
| #define PACKAGE_BUGREPORT "maintainer@mpg123.org"
| #define PACKAGE_URL ""
| #define PACKAGE "mpg123"
| #define VERSION "1.32.10"
| #define HAVE_CLOCK_GETTIME 1
| #define HAVE_STDIO_H 1
| #define HAVE_STDLIB_H 1
| #define HAVE_STRING_H 1
| #define HAVE_INTTYPES_H 1
| #define HAVE_STDINT_H 1
| #define HAVE_STRINGS_H 1
| #define HAVE_SYS_STAT_H 1
| #define HAVE_SYS_TYPES_H 1
| #define HAVE_UNISTD_H 1
| #define STDC_HEADERS 1
| #define DYNAMIC_BUILD 1
| #define HAVE_DLOPEN 1
| #define HAVE_DLSYM 1
| #define HAVE_DLCLOSE 1
| #define HAVE_DLFCN_H 1
| #define LT_OBJDIR ".libs/"
| #define USE_MODULES 1
| #define LT_MODULE_EXT ".so"
| #define GAPLESS 1
| #define USE_NEW_HUFFTABLE 1
| #define ACCURATE_ROUNDING 1
| #define IEEE_FLOAT 1
| #define ASMALIGN_BALIGN 1
| #define HAVE_UNISTD_H 1
| #define HAVE_SCHED_H 1
| #define HAVE_SYS_IOCTL_H 1
| #define HAVE_SYS_TYPES_H 1
| #define HAVE_SYS_TIME_H 1
| #define HAVE_SYS_WAIT_H 1
| #define HAVE_SYS_RESOURCE_H 1
| #define HAVE_SYS_SIGNAL_H 1
| #define HAVE_SIGNAL_H 1
| #define HAVE_SYS_SELECT_H 1
| #define HAVE_DIRENT_H 1
| #define HAVE_SYS_STAT_H 1
| #define SIZEOF_OFF_T 8
| #define HAVE_MMAP 1
| #define HAVE_WINCON_H 1
| #define HAVE_TERMIOS 1
| #define HAVE_RANDOM 1
| #define HAVE_SETENV 1
| #define HAVE_UNSETENV 1
| #define HAVE_SCHED_SETSCHEDULER 1
| #define HAVE_SETUID 1
| #define HAVE_GETUID 1
| #define HAVE_SETPRIORITY 1
| #define HAVE_STRERROR 1
| #define HAVE_STRERROR_L 1
| #define HAVE_USELOCALE 1
| #define HAVE_SETLOCALE 1
| #define HAVE_NL_LANGINFO 1
| #define HAVE_MBSTOWCS 1
| #define HAVE_WCSTOMBS 1
| #define HAVE_WCSWIDTH 1
| #define HAVE_ISWPRINT 1
| #define HAVE_ATOLL 1
| #define HAVE_MKFIFO 1
| #define HAVE_FORK 1
| #define HAVE_EXECVP 1
| #define HAVE_CTERMID 1
| /* end confdefs.h.  */
| #include <io.h>
| #include <fcntl.h>
| #include <stdio.h>
| 
| int main()
| {
|   _setmode(STDIN_FILENO, _O_BINARY);
|   _setmode(STDOUT_FILENO, _O_TEXT);
|   return 0;
| }
configure:14641: gcc -o conftest -g -O2   conftest.c  >&5
conftest.c:72:10: fatal error: io.h: No such file or directory
   72 | #include <io.h>
      |          ^~~~~~
compilation terminated.
configure:14641: $? = 1
configure: failed program was:
| /* confdefs.h */
| #define PACKAGE_NAME "mpg123"
| #define PACKAGE_TARNAME "mpg123"
| #define PACKAGE_VERSION "1.32.10"
| #define PACKAGE_STRING "mpg123 1.32.10"
| #define PACKAGE_BUGREPORT "maintainer@mpg123.org"
| #define PACKAGE_URL ""
| #define PACKAGE "mpg123"
| #define VERSION "1.32.10"
| #define HAVE_CLOCK_GETTIME 1
| #define HAVE_STDIO_H 1
| #define HAVE_STDLIB_H 1
| #define HAVE_STRING_H 1
| #define HAVE_INTTYPES_H 1
| #define HAVE_STDINT_H 1
| #define HAVE_STRINGS_H 1
| #define HAVE_SYS_STAT_H 1
| #define HAVE_SYS_TYPES_H 1
| #define HAVE_UNISTD_H 1
| #define STDC_HEADERS 1
| #define DYNAMIC_BUILD 1
| #define HAVE_DLOPEN 1
| #define HAVE_DLSYM 1
| #define HAVE_DLCLOSE 1
| #define HAVE_DLFCN_H 1
| #define LT_OBJDIR ".libs/"
| #define USE_MODULES 1
| #define LT_MODULE_EXT ".so"
| #define GAPLESS 1
| #define USE_NEW_HUFFTABLE 1
| #define ACCURATE_ROUNDING 1
| #define IEEE_FLOAT 1
| #define ASMALIGN_BALIGN 1
| #define HAVE_UNISTD_H 1
| #define HAVE_SCHED_H 1
| #define HAVE_SYS_IOCTL_H 1
| #define HAVE_SYS_TYPES_H 1
| #define HAVE_SYS_TIME_H 1
| #define HAVE_SYS_WAIT_H 1
| #define HAVE_SYS_RESOURCE_H 1
| #define HAVE_SYS_SIGNAL_H 1
| #define HAVE_SIGNAL_H 1
| #define HAVE_SYS_SELECT_H 1
| #define HAVE_DIRENT_H 1
| #define HAVE_SYS_STAT_H 1
| #define SIZEOF_OFF_T 8
| #define HAVE_MMAP 1
| #define HAVE_WINCON_H 1
| #define HAVE_TERMIOS 1
| #define HAVE_RANDOM 1
| #define HAVE_SETENV 1
| #define HAVE_UNSETENV 1
| #define HAVE_SCHED_SETSCHEDULER 1
| #define HAVE_SETUID 1
| #define HAVE_GETUID 1
| #define HAVE_SETPRIORITY 1
| #define HAVE_STRERROR 1
| #define HAVE_STRERROR_L 1
| #define HAVE_USELOCALE 1
| #define HAVE_SETLOCALE 1
| #define HAVE_NL_LANGINFO 1
| #define HAVE_MBSTOWCS 1
| #define HAVE_WCSTOMBS 1
| #define HAVE_WCSWIDTH 1
| #define HAVE_ISWPRINT 1
| #define HAVE_ATOLL 1
| #define HAVE_MKFIFO 1
| #define HAVE_FORK 1
| #define HAVE_EXECVP 1
| #define HAVE_CTERMID 1
| /* end confdefs.h.  */
| #include <io.h>
| #include <fcntl.h>
| #include <stdio.h>
| 
| int main()
| {
|   setmode(STDIN_FILENO, O_BINARY);
|   setmode(STDOUT_FILENO, O_TEXT);
|   return 0;
| }
configure:14652: checking for locale.h
configure:14652: gcc -c -g -O2  conftest.c >&5
configure:14652: $? = 0
configure:14652: result: yes
configure:14658: checking for langinfo.h
configure:14658: gcc -c -g -O2  conftest.c >&5
configure:14658: $? = 0
configure:14658: result: yes
configure:14664: checking for wchar.h
configure:14664: gcc -c -g -O2  conftest.c >&5
configure:14664: $? = 0
configure:14664: result: yes
configure:14670: checking for wctype.h
configure:14670: gcc -c -g -O2  conftest.c >&5
configure:14670: $? = 0
configure:14670: result: yes
configure:14679: checking for netdb.h
configure:14679: gcc -c -g -O2  conftest.c >&5
configure:14679: $? = 0
configure:14679: result: yes
configure:14685: checking for sys/param.h
configure:14685: gcc -c -g -O2  conftest.c >&5
configure:14685: $? = 0
configure:14685: result: yes
configure:14691: checking for sys/socket.h
configure:14691: gcc -c -g -O2  conftest.c >&5
configure:14691: $? = 0
configure:14691: result: yes
configure:14697: checking for netinet/in.h
configure:14697: gcc -c -g -O2  conftest.c >&5
configure:14697: $? = 0
configure:14697: result: yes
configure:14703: checking for arpa/inet.h
configure:14703: gcc -c -g -O2  conftest.c >&5
configure:14703: $? = 0
configure:14703: result: yes
configure:14721: checking for library containing gethostbyname
configure:14751: gcc -o conftest -g -O2   conftest.c  >&5
configure:14751: $? = 0
configure:14771: result: none required
configure:14780: checking for library containing socket
configure:14810: gcc -o conftest -g -O2   conftest.c  >&5
configure:14810: $? = 0
configure:14830: result: none required
configure:14843: checking for getaddrinfo
configure:14843: gcc -o conftest -g -O2   conftest.c  >&5
configure:14843: $? = 0
configure:14843: result: yes
configure:14855: checking for sqrt in -lm
configure:14878: gcc -o conftest -g -O2   conftest.c -lm   >&5
conftest.c:86:6: warning: conflicting types for built-in function 'sqrt'; expected 'double(double)' [-Wbuiltin-declaration-mismatch]
   86 | char sqrt ();
      |      ^~~~
conftest.c:1:1: note: 'sqrt' is declared in header '<math.h>'
    1 | /* confdefs.h */
configure:14878: $? = 0
configure:14888: result: yes
configure:14898: checking for powf in -lmx
configure:14921: gcc -o conftest -g -O2   conftest.c -lmx  -lm  >&5
conftest.c:87:6: warning: conflicting types for built-in function 'powf'; expected 'float(float,  float)' [-Wbuiltin-declaration-mismatch]
   87 | char powf ();
      |      ^~~~
conftest.c:1:1: note: 'powf' is declared in header '<math.h>'
    1 | /* confdefs.h */
/usr/bin/ld: cannot find -lmx
collect2: error: ld returned 1 exit status
configure:14921: $? = 1
configure: failed program was:
| /* confdefs.h */
| #define PACKAGE_NAME "mpg123"
| #define PACKAGE_TARNAME "mpg123"
| #define PACKAGE_VERSION "1.32.10"
| #define PACKAGE_STRING "mpg123 1.32.10"
| #define PACKAGE_BUGREPORT "maintainer@mpg123.org"
| #define PACKAGE_URL ""
| #define PACKAGE "mpg123"
| #define VERSION "1.32.10"
| #define HAVE_CLOCK_GETTIME 1
| #define HAVE_STDIO_H 1
| #define HAVE_STDLIB_H 1
| #define HAVE_STRING_H 1
| #define HAVE_INTTYPES_H 1
| #define HAVE_STDINT_H 1
| #define HAVE_STRINGS_H 1
| #define HAVE_SYS_STAT_H 1
| #define HAVE_SYS_TYPES_H 1
| #define HAVE_UNISTD_H 1
| #define STDC_HEADERS 1
| #define DYNAMIC_BUILD 1
| #define HAVE_DLOPEN 1
| #define HAVE_DLSYM 1
| #define HAVE_DLCLOSE 1
| #define HAVE_DLFCN_H 1
| #define LT_OBJDIR ".libs/"
| #define USE_MODULES 1
| #define LT_MODULE_EXT ".so"
| #define GAPLESS 1
| #define USE_NEW_HUFFTABLE 1
| #define ACCURATE_ROUNDING 1
| #define IEEE_FLOAT 1
| #define ASMALIGN_BALIGN 1
| #define HAVE_UNISTD_H 1
| #define HAVE_SCHED_H 1
| #define HAVE_SYS_IOCTL_H 1
| #define HAVE_SYS_TYPES_H 1
| #define HAVE_SYS_TIME_H 1
| #define HAVE_SYS_WAIT_H 1
| #define HAVE_SYS_RESOURCE_H 1
| #define HAVE_SYS_SIGNAL_H 1
| #define HAVE_SIGNAL_H 1
| #define HAVE_SYS_SELECT_H 1
| #define HAVE_DIRENT_H 1
| #define HAVE_SYS_STAT_H 1
| #define SIZEOF_OFF_T 8
| #define HAVE_MMAP 1
| #define HAVE_WINCON_H 1
| #define HAVE_TERMIOS 1
| #define HAVE_RANDOM 1
| #define HAVE_SETENV 1
| #define HAVE_UNSETENV 1
| #define HAVE_SCHED_SETSCHEDULER 1
| #define HAVE_SETUID 1
| #define HAVE_GETUID 1
| #define HAVE_SETPRIORITY 1
| #define HAVE_STRERROR 1
| #define HAVE_STRERROR_L 1
| #define HAVE_USELOCALE 1
| #define HAVE_SETLOCALE 1
| #define HAVE_NL_LANGINFO 1
| #define HAVE_MBSTOWCS 1
| #define HAVE_WCSTOMBS 1
| #define HAVE_WCSWIDTH 1
| #define HAVE_ISWPRINT 1
| #define HAVE_ATOLL 1
| #define HAVE_MKFIFO 1
| #define HAVE_FORK 1
| #define HAVE_EXECVP 1
| #define HAVE_CTERMID 1
| #define HAVE_LOCALE_H 1
| #define HAVE_LANGINFO_H 1
| #define HAVE_WCHAR_H 1
| #define HAVE_WCTYPE_H 1
| #define HAVE_NETDB_H 1
| #define HAVE_SYS_PARAM_H 1
| #define HAVE_SYS_SOCKET_H 1
| #define HAVE_NETINET_IN_H 1
| #define HAVE_ARPA_INET_H 1
| #define HAVE_GETADDRINFO 1
| #define HAVE_LIBM 1
| /* end confdefs.h.  */
| 
| /* Override any GCC internal prototype to avoid an error.
|    Use char because int might match the return type of a GCC
|    builtin and then its argument prototype would still apply.  */
| char powf ();
| int
| main (void)
| {
| return powf ();
|   ;
|   return 0;
| }
configure:14931: result: no
configure:14953: checking for byteswap.h
configure:14953: gcc -c -g -O2  conftest.c >&5
configure:14953: $? = 0
configure:14953: result: yes
configure:14970: checking for os2.h
configure:14970: gcc -c -g -O2  conftest.c >&5
conftest.c:112:10: fatal error: os2.h: No such file or directory
  112 | #include <os2.h>
      |          ^~~~~~~
compilation terminated.
configure:14970: $? = 1
configure: failed program was:
| /* confdefs.h */
| #define PACKAGE_NAME "mpg123"
| #define PACKAGE_TARNAME "mpg123"
| #define PACKAGE_VERSION "1.32.10"
| #define PACKAGE_STRING "mpg123 1.32.10"
| #define PACKAGE_BUGREPORT "maintainer@mpg123.org"
| #define PACKAGE_URL ""
| #define PACKAGE "mpg123"
| #define VERSION "1.32.10"
| #define HAVE_CLOCK_GETTIME 1
| #define HAVE_STDIO_H 1
| #define HAVE_STDLIB_H 1
| #define HAVE_STRING_H 1
| #define HAVE_INTTYPES_H 1
| #define HAVE_STDINT_H 1
| #define HAVE_STRINGS_H 1
| #define HAVE_SYS_STAT_H 1
| #define HAVE_SYS_TYPES_H 1
| #define HAVE_UNISTD_H 1
| #define STDC_HEADERS 1
| #define DYNAMIC_BUILD 1
| #define HAVE_DLOPEN 1
| #define HAVE_DLSYM 1
| #define HAVE_DLCLOSE 1
| #define HAVE_DLFCN_H 1
| #define LT_OBJDIR ".libs/"
| #define USE_MODULES 1
| #define LT_MODULE_EXT ".so"
| #define GAPLESS 1
| #define USE_NEW_HUFFTABLE 1
| #define ACCURATE_ROUNDING 1
| #define IEEE_FLOAT 1
| #define ASMALIGN_BALIGN 1
| #define HAVE_UNISTD_H 1
| #define HAVE_SCHED_H 1
| #define HAVE_SYS_IOCTL_H 1
| #define HAVE_SYS_TYPES_H 1
| #define HAVE_SYS_TIME_H 1
| #define HAVE_SYS_WAIT_H 1
| #define HAVE_SYS_RESOURCE_H 1
| #define HAVE_SYS_SIGNAL_H 1
| #define HAVE_SIGNAL_H 1
| #define HAVE_SYS_SELECT_H 1
| #define HAVE_DIRENT_H 1
| #define HAVE_SYS_STAT_H 1
| #define SIZEOF_OFF_T 8
| #define HAVE_MMAP 1
| #define HAVE_WINCON_H 1
| #define HAVE_TERMIOS 1
| #define HAVE_RANDOM 1
| #define HAVE_SETENV 1
| #define HAVE_UNSETENV 1
| #define HAVE_SCHED_SETSCHEDULER 1
| #define HAVE_SETUID 1
| #define HAVE_GETUID 1
| #define HAVE_SETPRIORITY 1
| #define HAVE_STRERROR 1
| #define HAVE_STRERROR_L 1
| #define HAVE_USELOCALE 1
| #define HAVE_SETLOCALE 1
| #define HAVE_NL_LANGINFO 1
| #define HAVE_MBSTOWCS 1
| #define HAVE_WCSTOMBS 1
| #define HAVE_WCSWIDTH 1
| #define HAVE_ISWPRINT 1
| #define HAVE_ATOLL 1
| #define HAVE_MKFIFO 1
| #define HAVE_FORK 1
| #define HAVE_EXECVP 1
| #define HAVE_CTERMID 1
| #define HAVE_LOCALE_H 1
| #define HAVE_LANGINFO_H 1
| #define HAVE_WCHAR_H 1
| #define HAVE_WCTYPE_H 1
| #define HAVE_NETDB_H 1
| #define HAVE_SYS_PARAM_H 1
| #define HAVE_SYS_SOCKET_H 1
| #define HAVE_NETINET_IN_H 1
| #define HAVE_ARPA_INET_H 1
| #define HAVE_GETADDRINFO 1
| #define HAVE_LIBM 1
| #define HAVE_BYTESWAP_H 1
| /* end confdefs.h.  */
| #include <stddef.h>
| #ifdef HAVE_STDIO_H
| # include <stdio.h>
| #endif
| #ifdef HAVE_STDLIB_H
| # include <stdlib.h>
| #endif
| #ifdef HAVE_STRING_H
| # include <string.h>
| #endif
| #ifdef HAVE_INTTYPES_H
| # include <inttypes.h>
| #endif
| #ifdef HAVE_STDINT_H
| # include <stdint.h>
| #endif
| #ifdef HAVE_STRINGS_H
| # include <strings.h>
| #endif
| #ifdef HAVE_SYS_TYPES_H
| # include <sys/types.h>
| #endif
| #ifdef HAVE_SYS_STAT_H
| # include <sys/stat.h>
| #endif
| #ifdef HAVE_UNISTD_H
| # include <unistd.h>
| #endif
| #include <os2.h>
configure:14970: result: no
configure:15227: checking if we want feature report function
configure:15244: result: yes
configure:15553: checking for pkg-config
configure:15576: found /usr/bin/pkg-config
configure:15588: result: /usr/bin/pkg-config
configure:15613: checking pkg-config is at least version 0.9.0
configure:15616: result: yes
configure:15976: checking for libpulse-simple
configure:15983: $PKG_CONFIG --exists --print-errors "libpulse-simple"
configure:15986: $? = 0
configure:16000: $PKG_CONFIG --exists --print-errors "libpulse-simple"
configure:16003: $? = 0
configure:16041: result: yes
configure:15733: checking for snd_pcm_open in -lasound
configure:15756: gcc -o conftest -g -O2   conftest.c -lasound  -lm  >&5
configure:15756: $? = 0
configure:15766: result: yes
configure:15770: checking for alsa/asoundlib.h
configure:15770: gcc -c -g -O2  conftest.c >&5
configure:15770: $? = 0
configure:15770: result: yes
configure:15670: checking for pcm_open in -ltinyalsa
configure:15693: gcc -o conftest -g -O2   conftest.c -ltinyalsa  -lm  >&5
/usr/bin/ld: cannot find -ltinyalsa
collect2: error: ld returned 1 exit status
configure:15693: $? = 1
configure: failed program was:
| /* confdefs.h */
| #define PACKAGE_NAME "mpg123"
| #define PACKAGE_TARNAME "mpg123"
| #define PACKAGE_VERSION "1.32.10"
| #define PACKAGE_STRING "mpg123 1.32.10"
| #define PACKAGE_BUGREPORT "maintainer@mpg123.org"
| #define PACKAGE_URL ""
| #define PACKAGE "mpg123"
| #define VERSION "1.32.10"
| #define HAVE_CLOCK_GETTIME 1
| #define HAVE_STDIO_H 1
| #define HAVE_STDLIB_H 1
| #define HAVE_STRING_H 1
| #define HAVE_INTTYPES_H 1
| #define HAVE_STDINT_H 1
| #define HAVE_STRINGS_H 1
| #define HAVE_SYS_STAT_H 1
| #define HAVE_SYS_TYPES_H 1
| #define HAVE_UNISTD_H 1
| #define STDC_HEADERS 1
| #define DYNAMIC_BUILD 1
| #define HAVE_DLOPEN 1
| #define HAVE_DLSYM 1
| #define HAVE_DLCLOSE 1
| #define HAVE_DLFCN_H 1
| #define LT_OBJDIR ".libs/"
| #define USE_MODULES 1
| #define LT_MODULE_EXT ".so"
| #define GAPLESS 1
| #define USE_NEW_HUFFTABLE 1
| #define ACCURATE_ROUNDING 1
| #define IEEE_FLOAT 1
| #define ASMALIGN_BALIGN 1
| #define HAVE_UNISTD_H 1
| #define HAVE_SCHED_H 1
| #define HAVE_SYS_IOCTL_H 1
| #define HAVE_SYS_TYPES_H 1
| #define HAVE_SYS_TIME_H 1
| #define HAVE_SYS_WAIT_H 1
| #define HAVE_SYS_RESOURCE_H 1
| #define HAVE_SYS_SIGNAL_H 1
| #define HAVE_SIGNAL_H 1
| #define HAVE_SYS_SELECT_H 1
| #define HAVE_DIRENT_H 1
| #define HAVE_SYS_STAT_H 1
| #define SIZEOF_OFF_T 8
| #define HAVE_MMAP 1
| #define HAVE_WINCON_H 1
| #define HAVE_TERMIOS 1
| #define HAVE_RANDOM 1
| #define HAVE_SETENV 1
| #define HAVE_UNSETENV 1
| #define HAVE_SCHED_SETSCHEDULER 1
| #define HAVE_SETUID 1
| #define HAVE_GETUID 1
| #define HAVE_SETPRIORITY 1
| #define HAVE_STRERROR 1
| #define HAVE_STRERROR_L 1
| #define HAVE_USELOCALE 1
| #define HAVE_SETLOCALE 1
| #define HAVE_NL_LANGINFO 1
| #define HAVE_MBSTOWCS 1
| #define HAVE_WCSTOMBS 1
| #define HAVE_WCSWIDTH 1
| #define HAVE_ISWPRINT 1
| #define HAVE_ATOLL 1
| #define HAVE_MKFIFO 1
| #define HAVE_FORK 1
| #define HAVE_EXECVP 1
| #define HAVE_CTERMID 1
| #define HAVE_LOCALE_H 1
| #define HAVE_LANGINFO_H 1
| #define HAVE_WCHAR_H 1
| #define HAVE_WCTYPE_H 1
| #define HAVE_NETDB_H 1
| #define HAVE_SYS_PARAM_H 1
| #define HAVE_SYS_SOCKET_H 1
| #define HAVE_NETINET_IN_H 1
| #define HAVE_ARPA_INET_H 1
| #define HAVE_GETADDRINFO 1
| #define HAVE_LIBM 1
| #define HAVE_BYTESWAP_H 1
| #define CCALIGN 1
| /* end confdefs.h.  */
| 
| /* Override any GCC internal prototype to avoid an error.
|    Use char because int might match the return type of a GCC
|    builtin and then its argument prototype would still apply.  */
| char pcm_open ();
| int
| main (void)
| {
| return pcm_open ();
|   ;
|   return 0;
| }
configure:15703: result: no
configure:15638: checking for sys/soundcard.h
configure:15638: gcc -c -g -O2  conftest.c >&5
configure:15638: $? = 0
configure:15638: result: yes
configure:15644: checking for linux/soundcard.h
configure:15644: gcc -c -g -O2  conftest.c >&5
configure:15644: $? = 0
configure:15644: result: yes
configure:15650: checking for machine/soundcard.h
configure:15650: gcc -c -g -O2  conftest.c >&5
conftest.c:115:10: fatal error: machine/soundcard.h: No such file or directory
  115 | #include <machine/soundcard.h>
      |          ^~~~~~~~~~~~~~~~~~~~~
compilation terminated.
configure:15650: $? = 1
configure: failed program was:
| /* confdefs.h */
| #define PACKAGE_NAME "mpg123"
| #define PACKAGE_TARNAME "mpg123"
| #define PACKAGE_VERSION "1.32.10"
| #define PACKAGE_STRING "mpg123 1.32.10"
| #define PACKAGE_BUGREPORT "maintainer@mpg123.org"
| #define PACKAGE_URL ""
| #define PACKAGE "mpg123"
| #define VERSION "1.32.10"
| #define HAVE_CLOCK_GETTIME 1
| #define HAVE_STDIO_H 1
| #define HAVE_STDLIB_H 1
| #define HAVE_STRING_H 1
| #define HAVE_INTTYPES_H 1
| #define HAVE_STDINT_H 1
| #define HAVE_STRINGS_H 1
| #define HAVE_SYS_STAT_H 1
| #define HAVE_SYS_TYPES_H 1
| #define HAVE_UNISTD_H 1
| #define STDC_HEADERS 1
| #define DYNAMIC_BUILD 1
| #define HAVE_DLOPEN 1
| #define HAVE_DLSYM 1
| #define HAVE_DLCLOSE 1
| #define HAVE_DLFCN_H 1
| #define LT_OBJDIR ".libs/"
| #define USE_MODULES 1
| #define LT_MODULE_EXT ".so"
| #define GAPLESS 1
| #define USE_NEW_HUFFTABLE 1
| #define ACCURATE_ROUNDING 1
| #define IEEE_FLOAT 1
| #define ASMALIGN_BALIGN 1
| #define HAVE_UNISTD_H 1
| #define HAVE_SCHED_H 1
| #define HAVE_SYS_IOCTL_H 1
| #define HAVE_SYS_TYPES_H 1
| #define HAVE_SYS_TIME_H 1
| #define HAVE_SYS_WAIT_H 1
| #define HAVE_SYS_RESOURCE_H 1
| #define HAVE_SYS_SIGNAL_H 1
| #define HAVE_SIGNAL_H 1
| #define HAVE_SYS_SELECT_H 1
| #define HAVE_DIRENT_H 1
| #define HAVE_SYS_STAT_H 1
| #define SIZEOF_OFF_T 8
| #define HAVE_MMAP 1
| #define HAVE_WINCON_H 1
| #define HAVE_TERMIOS 1
| #define HAVE_RANDOM 1
| #define HAVE_SETENV 1
| #define HAVE_UNSETENV 1
| #define HAVE_SCHED_SETSCHEDULER 1
| #define HAVE_SETUID 1
| #define HAVE_GETUID 1
| #define HAVE_SETPRIORITY 1
| #define HAVE_STRERROR 1
| #define HAVE_STRERROR_L 1
| #define HAVE_USELOCALE 1
| #define HAVE_SETLOCALE 1
| #define HAVE_NL_LANGINFO 1
| #define HAVE_MBSTOWCS 1
| #define HAVE_WCSTOMBS 1
| #define HAVE_WCSWIDTH 1
| #define HAVE_ISWPRINT 1
| #define HAVE_ATOLL 1
| #define HAVE_MKFIFO 1
| #define HAVE_FORK 1
| #define HAVE_EXECVP 1
| #define HAVE_CTERMID 1
| #define HAVE_LOCALE_H 1
| #define HAVE_LANGINFO_H 1
| #define HAVE_WCHAR_H 1
| #define HAVE_WCTYPE_H 1
| #define HAVE_NETDB_H 1
| #define HAVE_SYS_PARAM_H 1
| #define HAVE_SYS_SOCKET_H 1
| #define HAVE_NETINET_IN_H 1
| #define HAVE_ARPA_INET_H 1
| #define HAVE_GETADDRINFO 1
| #define HAVE_LIBM 1
| #define HAVE_BYTESWAP_H 1
| #define CCALIGN 1
| #define HAVE_SYS_SOUNDCARD_H 1
| #define HAVE_LINUX_SOUNDCARD_H 1
| /* end confdefs.h.  */
| #include <stddef.h>
| #ifdef HAVE_STDIO_H
| # include <stdio.h>
| #endif
| #ifdef HAVE_STDLIB_H
| # include <stdlib.h>
| #endif
| #ifdef HAVE_STRING_H
| # include <string.h>
| #endif
| #ifdef HAVE_INTTYPES_H
| # include <inttypes.h>
| #endif
| #ifdef HAVE_STDINT_H
| # include <stdint.h>
| #endif
| #ifdef HAVE_STRINGS_H
| # include <strings.h>
| #endif
| #ifdef HAVE_SYS_TYPES_H
| # include <sys/types.h>
| #endif
| #ifdef HAVE_SYS_STAT_H
| # include <sys/stat.h>
| #endif
| #ifdef HAVE_UNISTD_H
| # include <unistd.h>
| #endif
| #include <machine/soundcard.h>
configure:15650: result: no
configure:16659: checking for AudioUnit/AudioUnit.h
configure:16659: gcc -c -g -O2  conftest.c >&5
conftest.c:115:10: fatal error: AudioUnit/AudioUnit.h: No such file or directory
  115 | #include <AudioUnit/AudioUnit.h>
      |          ^~~~~~~~~~~~~~~~~~~~~~~
compilation terminated.
configure:16659: $? = 1
configure: failed program was:
| /* confdefs.h */
| #define PACKAGE_NAME "mpg123"
| #define PACKAGE_TARNAME "mpg123"
| #define PACKAGE_VERSION "1.32.10"
| #define PACKAGE_STRING "mpg123 1.32.10"
| #define PACKAGE_BUGREPORT "maintainer@mpg123.org"
| #define PACKAGE_URL ""
| #define PACKAGE "mpg123"
| #define VERSION "1.32.10"
| #define HAVE_CLOCK_GETTIME 1
| #define HAVE_STDIO_H 1
| #define HAVE_STDLIB_H 1
| #define HAVE_STRING_H 1
| #define HAVE_INTTYPES_H 1
| #define HAVE_STDINT_H 1
| #define HAVE_STRINGS_H 1
| #define HAVE_SYS_STAT_H 1
| #define HAVE_SYS_TYPES_H 1
| #define HAVE_UNISTD_H 1
| #define STDC_HEADERS 1
| #define DYNAMIC_BUILD 1
| #define HAVE_DLOPEN 1
| #define HAVE_DLSYM 1
| #define HAVE_DLCLOSE 1
| #define HAVE_DLFCN_H 1
| #define LT_OBJDIR ".libs/"
| #define USE_MODULES 1
| #define LT_MODULE_EXT ".so"
| #define GAPLESS 1
| #define USE_NEW_HUFFTABLE 1
| #define ACCURATE_ROUNDING 1
| #define IEEE_FLOAT 1
| #define ASMALIGN_BALIGN 1
| #define HAVE_UNISTD_H 1
| #define HAVE_SCHED_H 1
| #define HAVE_SYS_IOCTL_H 1
| #define HAVE_SYS_TYPES_H 1
| #define HAVE_SYS_TIME_H 1
| #define HAVE_SYS_WAIT_H 1
| #define HAVE_SYS_RESOURCE_H 1
| #define HAVE_SYS_SIGNAL_H 1
| #define HAVE_SIGNAL_H 1
| #define HAVE_SYS_SELECT_H 1
| #define HAVE_DIRENT_H 1
| #define HAVE_SYS_STAT_H 1
| #define SIZEOF_OFF_T 8
| #define HAVE_MMAP 1
| #define HAVE_WINCON_H 1
| #define HAVE_TERMIOS 1
| #define HAVE_RANDOM 1
| #define HAVE_SETENV 1
| #define HAVE_UNSETENV 1
| #define HAVE_SCHED_SETSCHEDULER 1
| #define HAVE_SETUID 1
| #define HAVE_GETUID 1
| #define HAVE_SETPRIORITY 1
| #define HAVE_STRERROR 1
| #define HAVE_STRERROR_L 1
| #define HAVE_USELOCALE 1
| #define HAVE_SETLOCALE 1
| #define HAVE_NL_LANGINFO 1
| #define HAVE_MBSTOWCS 1
| #define HAVE_WCSTOMBS 1
| #define HAVE_WCSWIDTH 1
| #define HAVE_ISWPRINT 1
| #define HAVE_ATOLL 1
| #define HAVE_MKFIFO 1
| #define HAVE_FORK 1
| #define HAVE_EXECVP 1
| #define HAVE_CTERMID 1
| #define HAVE_LOCALE_H 1
| #define HAVE_LANGINFO_H 1
| #define HAVE_WCHAR_H 1
| #define HAVE_WCTYPE_H 1
| #define HAVE_NETDB_H 1
| #define HAVE_SYS_PARAM_H 1
| #define HAVE_SYS_SOCKET_H 1
| #define HAVE_NETINET_IN_H 1
| #define HAVE_ARPA_INET_H 1
| #define HAVE_GETADDRINFO 1
| #define HAVE_LIBM 1
| #define HAVE_BYTESWAP_H 1
| #define CCALIGN 1
| #define HAVE_SYS_SOUNDCARD_H 1
| #define HAVE_LINUX_SOUNDCARD_H 1
| /* end confdefs.h.  */
| #include <stddef.h>
| #ifdef HAVE_STDIO_H
| # include <stdio.h>
| #endif
| #ifdef HAVE_STDLIB_H
| # include <stdlib.h>
| #endif
| #ifdef HAVE_STRING_H
| # include <string.h>
| #endif
| #ifdef HAVE_INTTYPES_H
| # include <inttypes.h>
| #endif
| #ifdef HAVE_STDINT_H
| # include <stdint.h>
| #endif
| #ifdef HAVE_STRINGS_H
| # include <strings.h>
| #endif
| #ifdef HAVE_SYS_TYPES_H
| # include <sys/types.h>
| #endif
| #ifdef HAVE_SYS_STAT_H
| # include <sys/stat.h>
| #endif
| #ifdef HAVE_UNISTD_H
| # include <unistd.h>
| #endif
| #include <AudioUnit/AudioUnit.h>
configure:16659: result: no
configure:16665: checking for AudioToolbox/AudioToolbox.h
configure:16665: gcc -c -g -O2  conftest.c >&5
conftest.c:115:10: fatal error: AudioToolbox/AudioToolbox.h: No such file or directory
  115 | #include <AudioToolbox/AudioToolbox.h>
      |          ^~~~~~~~~~~~~~~~~~~~~~~~~~~~~
compilation terminated.
configure:16665: $? = 1
configure: failed program was:
| /* confdefs.h */
| #define PACKAGE_NAME "mpg123"
| #define PACKAGE_TARNAME "mpg123"
| #define PACKAGE_VERSION "1.32.10"
| #define PACKAGE_STRING "mpg123 1.32.10"
| #define PACKAGE_BUGREPORT "maintainer@mpg123.org"
| #define PACKAGE_URL ""
| #define PACKAGE "mpg123"
| #define VERSION "1.32.10"
| #define HAVE_CLOCK_GETTIME 1
| #define HAVE_STDIO_H 1
| #define HAVE_STDLIB_H 1
| #define HAVE_STRING_H 1
| #define HAVE_INTTYPES_H 1
| #define HAVE_STDINT_H 1
| #define HAVE_STRINGS_H 1
| #define HAVE_SYS_STAT_H 1
| #define HAVE_SYS_TYPES_H 1
| #define HAVE_UNISTD_H 1
| #define STDC_HEADERS 1
| #define DYNAMIC_BUILD 1
| #define HAVE_DLOPEN 1
| #define HAVE_DLSYM 1
| #define HAVE_DLCLOSE 1
| #define HAVE_DLFCN_H 1
| #define LT_OBJDIR ".libs/"
| #define USE_MODULES 1
| #define LT_MODULE_EXT ".so"
| #define GAPLESS 1
| #define USE_NEW_HUFFTABLE 1
| #define ACCURATE_ROUNDING 1
| #define IEEE_FLOAT 1
| #define ASMALIGN_BALIGN 1
| #define HAVE_UNISTD_H 1
| #define HAVE_SCHED_H 1
| #define HAVE_SYS_IOCTL_H 1
| #define HAVE_SYS_TYPES_H 1
| #define HAVE_SYS_TIME_H 1
| #define HAVE_SYS_WAIT_H 1
| #define HAVE_SYS_RESOURCE_H 1
| #define HAVE_SYS_SIGNAL_H 1
| #define HAVE_SIGNAL_H 1
| #define HAVE_SYS_SELECT_H 1
| #define HAVE_DIRENT_H 1
| #define HAVE_SYS_STAT_H 1
| #define SIZEOF_OFF_T 8
| #define HAVE_MMAP 1
| #define HAVE_WINCON_H 1
| #define HAVE_TERMIOS 1
| #define HAVE_RANDOM 1
| #define HAVE_SETENV 1
| #define HAVE_UNSETENV 1
| #define HAVE_SCHED_SETSCHEDULER 1
| #define HAVE_SETUID 1
| #define HAVE_GETUID 1
| #define HAVE_SETPRIORITY 1
| #define HAVE_STRERROR 1
| #define HAVE_STRERROR_L 1
| #define HAVE_USELOCALE 1
| #define HAVE_SETLOCALE 1
| #define HAVE_NL_LANGINFO 1
| #define HAVE_MBSTOWCS 1
| #define HAVE_WCSTOMBS 1
| #define HAVE_WCSWIDTH 1
| #define HAVE_ISWPRINT 1
| #define HAVE_ATOLL 1
| #define HAVE_MKFIFO 1
| #define HAVE_FORK 1
| #define HAVE_EXECVP 1
| #define HAVE_CTERMID 1
| #define HAVE_LOCALE_H 1
| #define HAVE_LANGINFO_H 1
| #define HAVE_WCHAR_H 1
| #define HAVE_WCTYPE_H 1
| #define HAVE_NETDB_H 1
| #define HAVE_SYS_PARAM_H 1
| #define HAVE_SYS_SOCKET_H 1
| #define HAVE_NETINET_IN_H 1
| #define HAVE_ARPA_INET_H 1
| #define HAVE_GETADDRINFO 1
| #define HAVE_LIBM 1
| #define HAVE_BYTESWAP_H 1
| #define CCALIGN 1
| #define HAVE_SYS_SOUNDCARD_H 1
| #define HAVE_LINUX_SOUNDCARD_H 1
| /* end confdefs.h.  */
| #include <stddef.h>
| #ifdef HAVE_STDIO_H
| # include <stdio.h>
| #endif
| #ifdef HAVE_STDLIB_H
| # include <stdlib.h>
| #endif
| #ifdef HAVE_STRING_H
| # include <string.h>
| #endif
| #ifdef HAVE_INTTYPES_H
| # include <inttypes.h>
| #endif
| #ifdef HAVE_STDINT_H
| # include <stdint.h>
| #endif
| #ifdef HAVE_STRINGS_H
| # include <strings.h>
| #endif
| #ifdef HAVE_SYS_TYPES_H
| # include <sys/types.h>
| #endif
| #ifdef HAVE_SYS_STAT_H
| # include <sys/stat.h>
| #endif
| #ifdef HAVE_UNISTD_H
| # include <unistd.h>
| #endif
| #include <AudioToolbox/AudioToolbox.h>
configure:16665: result: no
configure:16551: checking for sndio
configure:16558: $PKG_CONFIG --exists --print-errors "sndio"
Package sndio was not found in the pkg-config search path.
Perhaps you should add the directory containing `sndio.pc'
to the PKG_CONFIG_PATH environment variable
No package 'sndio' found
configure:16561: $? = 1
configure:16575: $PKG_CONFIG --exists --print-errors "sndio"
Package sndio was not found in the pkg-config search path.
Perhaps you should add the directory containing `sndio.pc'
to the PKG_CONFIG_PATH environment variable
No package 'sndio' found
configure:16578: $? = 1
configure:16592: result: no
No package 'sndio' found
configure:16622: checking for sun/audioio.h
configure:16622: gcc -c -g -O2  conftest.c >&5
conftest.c:115:10: fatal error: sun/audioio.h: No such file or directory
  115 | #include <sun/audioio.h>
      |          ^~~~~~~~~~~~~~~
compilation terminated.
configure:16622: $? = 1
configure: failed program was:
| /* confdefs.h */
| #define PACKAGE_NAME "mpg123"
| #define PACKAGE_TARNAME "mpg123"
| #define PACKAGE_VERSION "1.32.10"
| #define PACKAGE_STRING "mpg123 1.32.10"
| #define PACKAGE_BUGREPORT "maintainer@mpg123.org"
| #define PACKAGE_URL ""
| #define PACKAGE "mpg123"
| #define VERSION "1.32.10"
| #define HAVE_CLOCK_GETTIME 1
| #define HAVE_STDIO_H 1
| #define HAVE_STDLIB_H 1
| #define HAVE_STRING_H 1
| #define HAVE_INTTYPES_H 1
| #define HAVE_STDINT_H 1
| #define HAVE_STRINGS_H 1
| #define HAVE_SYS_STAT_H 1
| #define HAVE_SYS_TYPES_H 1
| #define HAVE_UNISTD_H 1
| #define STDC_HEADERS 1
| #define DYNAMIC_BUILD 1
| #define HAVE_DLOPEN 1
| #define HAVE_DLSYM 1
| #define HAVE_DLCLOSE 1
| #define HAVE_DLFCN_H 1
| #define LT_OBJDIR ".libs/"
| #define USE_MODULES 1
| #define LT_MODULE_EXT ".so"
| #define GAPLESS 1
| #define USE_NEW_HUFFTABLE 1
| #define ACCURATE_ROUNDING 1
| #define IEEE_FLOAT 1
| #define ASMALIGN_BALIGN 1
| #define HAVE_UNISTD_H 1
| #define HAVE_SCHED_H 1
| #define HAVE_SYS_IOCTL_H 1
| #define HAVE_SYS_TYPES_H 1
| #define HAVE_SYS_TIME_H 1
| #define HAVE_SYS_WAIT_H 1
| #define HAVE_SYS_RESOURCE_H 1
| #define HAVE_SYS_SIGNAL_H 1
| #define HAVE_SIGNAL_H 1
| #define HAVE_SYS_SELECT_H 1
| #define HAVE_DIRENT_H 1
| #define HAVE_SYS_STAT_H 1
| #define SIZEOF_OFF_T 8
| #define HAVE_MMAP 1
| #define HAVE_WINCON_H 1
| #define HAVE_TERMIOS 1
| #define HAVE_RANDOM 1
| #define HAVE_SETENV 1
| #define HAVE_UNSETENV 1
| #define HAVE_SCHED_SETSCHEDULER 1
| #define HAVE_SETUID 1
| #define HAVE_GETUID 1
| #define HAVE_SETPRIORITY 1
| #define HAVE_STRERROR 1
| #define HAVE_STRERROR_L 1
| #define HAVE_USELOCALE 1
| #define HAVE_SETLOCALE 1
| #define HAVE_NL_LANGINFO 1
| #define HAVE_MBSTOWCS 1
| #define HAVE_WCSTOMBS 1
| #define HAVE_WCSWIDTH 1
| #define HAVE_ISWPRINT 1
| #define HAVE_ATOLL 1
| #define HAVE_MKFIFO 1
| #define HAVE_FORK 1
| #define HAVE_EXECVP 1
| #define HAVE_CTERMID 1
| #define HAVE_LOCALE_H 1
| #define HAVE_LANGINFO_H 1
| #define HAVE_WCHAR_H 1
| #define HAVE_WCTYPE_H 1
| #define HAVE_NETDB_H 1
| #define HAVE_SYS_PARAM_H 1
| #define HAVE_SYS_SOCKET_H 1
| #define HAVE_NETINET_IN_H 1
| #define HAVE_ARPA_INET_H 1
| #define HAVE_GETADDRINFO 1
| #define HAVE_LIBM 1
| #define HAVE_BYTESWAP_H 1
| #define CCALIGN 1
| #define HAVE_SYS_SOUNDCARD_H 1
| #define HAVE_LINUX_SOUNDCARD_H 1
| /* end confdefs.h.  */
| #include <stddef.h>
| #ifdef HAVE_STDIO_H
| # include <stdio.h>
| #endif
| #ifdef HAVE_STDLIB_H
| # include <stdlib.h>
| #endif
| #ifdef HAVE_STRING_H
| # include <string.h>
| #endif
| #ifdef HAVE_INTTYPES_H
| # include <inttypes.h>
| #endif
| #ifdef HAVE_STDINT_H
| # include <stdint.h>
| #endif
| #ifdef HAVE_STRINGS_H
| # include <strings.h>
| #endif
| #ifdef HAVE_SYS_TYPES_H
| # include <sys/types.h>
| #endif
| #ifdef HAVE_SYS_STAT_H
| # include <sys/stat.h>
| #endif
| #ifdef HAVE_UNISTD_H
| # include <unistd.h>
| #endif
| #include <sun/audioio.h>
configure:16622: result: no
configure:16628: checking for sys/audioio.h
configure:16628: gcc -c -g -O2  conftest.c >&5
conftest.c:115:10: fatal error: sys/audioio.h: No such file or directory
  115 | #include <sys/audioio.h>
      |          ^~~~~~~~~~~~~~~
compilation terminated.
configure:16628: $? = 1
configure: failed program was:
| /* confdefs.h */
| #define PACKAGE_NAME "mpg123"
| #define PACKAGE_TARNAME "mpg123"
| #define PACKAGE_VERSION "1.32.10"
| #define PACKAGE_STRING "mpg123 1.32.10"
| #define PACKAGE_BUGREPORT "maintainer@mpg123.org"
| #define PACKAGE_URL ""
| #define PACKAGE "mpg123"
| #define VERSION "1.32.10"
| #define HAVE_CLOCK_GETTIME 1
| #define HAVE_STDIO_H 1
| #define HAVE_STDLIB_H 1
| #define HAVE_STRING_H 1
| #define HAVE_INTTYPES_H 1
| #define HAVE_STDINT_H 1
| #define HAVE_STRINGS_H 1
| #define HAVE_SYS_STAT_H 1
| #define HAVE_SYS_TYPES_H 1
| #define HAVE_UNISTD_H 1
| #define STDC_HEADERS 1
| #define DYNAMIC_BUILD 1
| #define HAVE_DLOPEN 1
| #define HAVE_DLSYM 1
| #define HAVE_DLCLOSE 1
| #define HAVE_DLFCN_H 1
| #define LT_OBJDIR ".libs/"
| #define USE_MODULES 1
| #define LT_MODULE_EXT ".so"
| #define GAPLESS 1
| #define USE_NEW_HUFFTABLE 1
| #define ACCURATE_ROUNDING 1
| #define IEEE_FLOAT 1
| #define ASMALIGN_BALIGN 1
| #define HAVE_UNISTD_H 1
| #define HAVE_SCHED_H 1
| #define HAVE_SYS_IOCTL_H 1
| #define HAVE_SYS_TYPES_H 1
| #define HAVE_SYS_TIME_H 1
| #define HAVE_SYS_WAIT_H 1
| #define HAVE_SYS_RESOURCE_H 1
| #define HAVE_SYS_SIGNAL_H 1
| #define HAVE_SIGNAL_H 1
| #define HAVE_SYS_SELECT_H 1
| #define HAVE_DIRENT_H 1
| #define HAVE_SYS_STAT_H 1
| #define SIZEOF_OFF_T 8
| #define HAVE_MMAP 1
| #define HAVE_WINCON_H 1
| #define HAVE_TERMIOS 1
| #define HAVE_RANDOM 1
| #define HAVE_SETENV 1
| #define HAVE_UNSETENV 1
| #define HAVE_SCHED_SETSCHEDULER 1
| #define HAVE_SETUID 1
| #define HAVE_GETUID 1
| #define HAVE_SETPRIORITY 1
| #define HAVE_STRERROR 1
| #define HAVE_STRERROR_L 1
| #define HAVE_USELOCALE 1
| #define HAVE_SETLOCALE 1
| #define HAVE_NL_LANGINFO 1
| #define HAVE_MBSTOWCS 1
| #define HAVE_WCSTOMBS 1
| #define HAVE_WCSWIDTH 1
| #define HAVE_ISWPRINT 1
| #define HAVE_ATOLL 1
| #define HAVE_MKFIFO 1
| #define HAVE_FORK 1
| #define HAVE_EXECVP 1
| #define HAVE_CTERMID 1
| #define HAVE_LOCALE_H 1
| #define HAVE_LANGINFO_H 1
| #define HAVE_WCHAR_H 1
| #define HAVE_WCTYPE_H 1
| #define HAVE_NETDB_H 1
| #define HAVE_SYS_PARAM_H 1
| #define HAVE_SYS_SOCKET_H 1
| #define HAVE_NETINET_IN_H 1
| #define HAVE_ARPA_INET_H 1
| #define HAVE_GETADDRINFO 1
| #define HAVE_LIBM 1
| #define HAVE_BYTESWAP_H 1
| #define CCALIGN 1
| #define HAVE_SYS_SOUNDCARD_H 1
| #define HAVE_LINUX_SOUNDCARD_H 1
| /* end confdefs.h.  */
| #include <stddef.h>
| #ifdef HAVE_STDIO_H
| # include <stdio.h>
| #endif
| #ifdef HAVE_STDLIB_H
| # include <stdlib.h>
| #endif
| #ifdef HAVE_STRING_H
| # include <string.h>
| #endif
| #ifdef HAVE_INTTYPES_H
| # include <inttypes.h>
| #endif
| #ifdef HAVE_STDINT_H
| # include <stdint.h>
| #endif
| #ifdef HAVE_STRINGS_H
| # include <strings.h>
| #endif
| #ifdef HAVE_SYS_TYPES_H
| # include <sys/types.h>
| #endif
| #ifdef HAVE_SYS_STAT_H
| # include <sys/stat.h>
| #endif
| #ifdef HAVE_UNISTD_H
| # include <unistd.h>
| #endif
| #include <sys/audioio.h>
configure:16628: result: no
configure:16634: checking for asm/audioio.h
configure:16634: gcc -c -g -O2  conftest.c >&5
conftest.c:115:10: fatal error: asm/audioio.h: No such file or directory
  115 | #include <asm/audioio.h>
      |          ^~~~~~~~~~~~~~~
compilation terminated.
configure:16634: $? = 1
configure: failed program was:
| /* confdefs.h */
| #define PACKAGE_NAME "mpg123"
| #define PACKAGE_TARNAME "mpg123"
| #define PACKAGE_VERSION "1.32.10"
| #define PACKAGE_STRING "mpg123 1.32.10"
| #define PACKAGE_BUGREPORT "maintainer@mpg123.org"
| #define PACKAGE_URL ""
| #define PACKAGE "mpg123"
| #define VERSION "1.32.10"
| #define HAVE_CLOCK_GETTIME 1
| #define HAVE_STDIO_H 1
| #define HAVE_STDLIB_H 1
| #define HAVE_STRING_H 1
| #define HAVE_INTTYPES_H 1
| #define HAVE_STDINT_H 1
| #define HAVE_STRINGS_H 1
| #define HAVE_SYS_STAT_H 1
| #define HAVE_SYS_TYPES_H 1
| #define HAVE_UNISTD_H 1
| #define STDC_HEADERS 1
| #define DYNAMIC_BUILD 1
| #define HAVE_DLOPEN 1
| #define HAVE_DLSYM 1
| #define HAVE_DLCLOSE 1
| #define HAVE_DLFCN_H 1
| #define LT_OBJDIR ".libs/"
| #define USE_MODULES 1
| #define LT_MODULE_EXT ".so"
| #define GAPLESS 1
| #define USE_NEW_HUFFTABLE 1
| #define ACCURATE_ROUNDING 1
| #define IEEE_FLOAT 1
| #define ASMALIGN_BALIGN 1
| #define HAVE_UNISTD_H 1
| #define HAVE_SCHED_H 1
| #define HAVE_SYS_IOCTL_H 1
| #define HAVE_SYS_TYPES_H 1
| #define HAVE_SYS_TIME_H 1
| #define HAVE_SYS_WAIT_H 1
| #define HAVE_SYS_RESOURCE_H 1
| #define HAVE_SYS_SIGNAL_H 1
| #define HAVE_SIGNAL_H 1
| #define HAVE_SYS_SELECT_H 1
| #define HAVE_DIRENT_H 1
| #define HAVE_SYS_STAT_H 1
| #define SIZEOF_OFF_T 8
| #define HAVE_MMAP 1
| #define HAVE_WINCON_H 1
| #define HAVE_TERMIOS 1
| #define HAVE_RANDOM 1
| #define HAVE_SETENV 1
| #define HAVE_UNSETENV 1
| #define HAVE_SCHED_SETSCHEDULER 1
| #define HAVE_SETUID 1
| #define HAVE_GETUID 1
| #define HAVE_SETPRIORITY 1
| #define HAVE_STRERROR 1
| #define HAVE_STRERROR_L 1
| #define HAVE_USELOCALE 1
| #define HAVE_SETLOCALE 1
| #define HAVE_NL_LANGINFO 1
| #define HAVE_MBSTOWCS 1
| #define HAVE_WCSTOMBS 1
| #define HAVE_WCSWIDTH 1
| #define HAVE_ISWPRINT 1
| #define HAVE_ATOLL 1
| #define HAVE_MKFIFO 1
| #define HAVE_FORK 1
| #define HAVE_EXECVP 1
| #define HAVE_CTERMID 1
| #define HAVE_LOCALE_H 1
| #define HAVE_LANGINFO_H 1
| #define HAVE_WCHAR_H 1
| #define HAVE_WCTYPE_H 1
| #define HAVE_NETDB_H 1
| #define HAVE_SYS_PARAM_H 1
| #define HAVE_SYS_SOCKET_H 1
| #define HAVE_NETINET_IN_H 1
| #define HAVE_ARPA_INET_H 1
| #define HAVE_GETADDRINFO 1
| #define HAVE_LIBM 1
| #define HAVE_BYTESWAP_H 1
| #define CCALIGN 1
| #define HAVE_SYS_SOUNDCARD_H 1
| #define HAVE_LINUX_SOUNDCARD_H 1
| /* end confdefs.h.  */
| #include <stddef.h>
| #ifdef HAVE_STDIO_H
| # include <stdio.h>
| #endif
| #ifdef HAVE_STDLIB_H
| # include <stdlib.h>
| #endif
| #ifdef HAVE_STRING_H
| # include <string.h>
| #endif
| #ifdef HAVE_INTTYPES_H
| # include <inttypes.h>
| #endif
| #ifdef HAVE_STDINT_H
| # include <stdint.h>
| #endif
| #ifdef HAVE_STRINGS_H
| # include <strings.h>
| #endif
| #ifdef HAVE_SYS_TYPES_H
| # include <sys/types.h>
| #endif
| #ifdef HAVE_SYS_STAT_H
| # include <sys/stat.h>
| #endif
| #ifdef HAVE_UNISTD_H
| # include <unistd.h>
| #endif
| #include <asm/audioio.h>
configure:16634: result: no
configure:16640: checking for sys/audio.h
configure:16640: gcc -c -g -O2  conftest.c >&5
conftest.c:115:10: fatal error: sys/audio.h: No such file or directory
  115 | #include <sys/audio.h>
      |          ^~~~~~~~~~~~~
compilation terminated.
configure:16640: $? = 1
configure: failed program was:
| /* confdefs.h */
| #define PACKAGE_NAME "mpg123"
| #define PACKAGE_TARNAME "mpg123"
| #define PACKAGE_VERSION "1.32.10"
| #define PACKAGE_STRING "mpg123 1.32.10"
| #define PACKAGE_BUGREPORT "maintainer@mpg123.org"
| #define PACKAGE_URL ""
| #define PACKAGE "mpg123"
| #define VERSION "1.32.10"
| #define HAVE_CLOCK_GETTIME 1
| #define HAVE_STDIO_H 1
| #define HAVE_STDLIB_H 1
| #define HAVE_STRING_H 1
| #define HAVE_INTTYPES_H 1
| #define HAVE_STDINT_H 1
| #define HAVE_STRINGS_H 1
| #define HAVE_SYS_STAT_H 1
| #define HAVE_SYS_TYPES_H 1
| #define HAVE_UNISTD_H 1
| #define STDC_HEADERS 1
| #define DYNAMIC_BUILD 1
| #define HAVE_DLOPEN 1
| #define HAVE_DLSYM 1
| #define HAVE_DLCLOSE 1
| #define HAVE_DLFCN_H 1
| #define LT_OBJDIR ".libs/"
| #define USE_MODULES 1
| #define LT_MODULE_EXT ".so"
| #define GAPLESS 1
| #define USE_NEW_HUFFTABLE 1
| #define ACCURATE_ROUNDING 1
| #define IEEE_FLOAT 1
| #define ASMALIGN_BALIGN 1
| #define HAVE_UNISTD_H 1
| #define HAVE_SCHED_H 1
| #define HAVE_SYS_IOCTL_H 1
| #define HAVE_SYS_TYPES_H 1
| #define HAVE_SYS_TIME_H 1
| #define HAVE_SYS_WAIT_H 1
| #define HAVE_SYS_RESOURCE_H 1
| #define HAVE_SYS_SIGNAL_H 1
| #define HAVE_SIGNAL_H 1
| #define HAVE_SYS_SELECT_H 1
| #define HAVE_DIRENT_H 1
| #define HAVE_SYS_STAT_H 1
| #define SIZEOF_OFF_T 8
| #define HAVE_MMAP 1
| #define HAVE_WINCON_H 1
| #define HAVE_TERMIOS 1
| #define HAVE_RANDOM 1
| #define HAVE_SETENV 1
| #define HAVE_UNSETENV 1
| #define HAVE_SCHED_SETSCHEDULER 1
| #define HAVE_SETUID 1
| #define HAVE_GETUID 1
| #define HAVE_SETPRIORITY 1
| #define HAVE_STRERROR 1
| #define HAVE_STRERROR_L 1
| #define HAVE_USELOCALE 1
| #define HAVE_SETLOCALE 1
| #define HAVE_NL_LANGINFO 1
| #define HAVE_MBSTOWCS 1
| #define HAVE_WCSTOMBS 1
| #define HAVE_WCSWIDTH 1
| #define HAVE_ISWPRINT 1
| #define HAVE_ATOLL 1
| #define HAVE_MKFIFO 1
| #define HAVE_FORK 1
| #define HAVE_EXECVP 1
| #define HAVE_CTERMID 1
| #define HAVE_LOCALE_H 1
| #define HAVE_LANGINFO_H 1
| #define HAVE_WCHAR_H 1
| #define HAVE_WCTYPE_H 1
| #define HAVE_NETDB_H 1
| #define HAVE_SYS_PARAM_H 1
| #define HAVE_SYS_SOCKET_H 1
| #define HAVE_NETINET_IN_H 1
| #define HAVE_ARPA_INET_H 1
| #define HAVE_GETADDRINFO 1
| #define HAVE_LIBM 1
| #define HAVE_BYTESWAP_H 1
| #define CCALIGN 1
| #define HAVE_SYS_SOUNDCARD_H 1
| #define HAVE_LINUX_SOUNDCARD_H 1
| /* end confdefs.h.  */
| #include <stddef.h>
| #ifdef HAVE_STDIO_H
| # include <stdio.h>
| #endif
| #ifdef HAVE_STDLIB_H
| # include <stdlib.h>
| #endif
| #ifdef HAVE_STRING_H
| # include <string.h>
| #endif
| #ifdef HAVE_INTTYPES_H
| # include <inttypes.h>
| #endif
| #ifdef HAVE_STDINT_H
| # include <stdint.h>
| #endif
| #ifdef HAVE_STRINGS_H
| # include <strings.h>
| #endif
| #ifdef HAVE_SYS_TYPES_H
| # include <sys/types.h>
| #endif
| #ifdef HAVE_SYS_STAT_H
| # include <sys/stat.h>
| #endif
| #ifdef HAVE_UNISTD_H
| # include <unistd.h>
| #endif
| #include <sys/audio.h>
configure:16640: result: no
configure:16505: checking if we have wasapi headers
configure:16530: gcc -o conftest -g -O2   conftest.c -lm  -lole32 -lavrt >&5
conftest.c:90:10: fatal error: initguid.h: No such file or directory
   90 | #include <initguid.h>
      |          ^~~~~~~~~~~~
compilation terminated.
configure:16530: $? = 1
configure: failed program was:
| /* confdefs.h */
| #define PACKAGE_NAME "mpg123"
| #define PACKAGE_TARNAME "mpg123"
| #define PACKAGE_VERSION "1.32.10"
| #define PACKAGE_STRING "mpg123 1.32.10"
| #define PACKAGE_BUGREPORT "maintainer@mpg123.org"
| #define PACKAGE_URL ""
| #define PACKAGE "mpg123"
| #define VERSION "1.32.10"
| #define HAVE_CLOCK_GETTIME 1
| #define HAVE_STDIO_H 1
| #define HAVE_STDLIB_H 1
| #define HAVE_STRING_H 1
| #define HAVE_INTTYPES_H 1
| #define HAVE_STDINT_H 1
| #define HAVE_STRINGS_H 1
| #define HAVE_SYS_STAT_H 1
| #define HAVE_SYS_TYPES_H 1
| #define HAVE_UNISTD_H 1
| #define STDC_HEADERS 1
| #define DYNAMIC_BUILD 1
| #define HAVE_DLOPEN 1
| #define HAVE_DLSYM 1
| #define HAVE_DLCLOSE 1
| #define HAVE_DLFCN_H 1
| #define LT_OBJDIR ".libs/"
| #define USE_MODULES 1
| #define LT_MODULE_EXT ".so"
| #define GAPLESS 1
| #define USE_NEW_HUFFTABLE 1
| #define ACCURATE_ROUNDING 1
| #define IEEE_FLOAT 1
| #define ASMALIGN_BALIGN 1
| #define HAVE_UNISTD_H 1
| #define HAVE_SCHED_H 1
| #define HAVE_SYS_IOCTL_H 1
| #define HAVE_SYS_TYPES_H 1
| #define HAVE_SYS_TIME_H 1
| #define HAVE_SYS_WAIT_H 1
| #define HAVE_SYS_RESOURCE_H 1
| #define HAVE_SYS_SIGNAL_H 1
| #define HAVE_SIGNAL_H 1
| #define HAVE_SYS_SELECT_H 1
| #define HAVE_DIRENT_H 1
| #define HAVE_SYS_STAT_H 1
| #define SIZEOF_OFF_T 8
| #define HAVE_MMAP 1
| #define HAVE_WINCON_H 1
| #define HAVE_TERMIOS 1
| #define HAVE_RANDOM 1
| #define HAVE_SETENV 1
| #define HAVE_UNSETENV 1
| #define HAVE_SCHED_SETSCHEDULER 1
| #define HAVE_SETUID 1
| #define HAVE_GETUID 1
| #define HAVE_SETPRIORITY 1
| #define HAVE_STRERROR 1
| #define HAVE_STRERROR_L 1
| #define HAVE_USELOCALE 1
| #define HAVE_SETLOCALE 1
| #define HAVE_NL_LANGINFO 1
| #define HAVE_MBSTOWCS 1
| #define HAVE_WCSTOMBS 1
| #define HAVE_WCSWIDTH 1
| #define HAVE_ISWPRINT 1
| #define HAVE_ATOLL 1
| #define HAVE_MKFIFO 1
| #define HAVE_FORK 1
| #define HAVE_EXECVP 1
| #define HAVE_CTERMID 1
| #define HAVE_LOCALE_H 1
| #define HAVE_LANGINFO_H 1
| #define HAVE_WCHAR_H 1
| #define HAVE_WCTYPE_H 1
| #define HAVE_NETDB_H 1
| #define HAVE_SYS_PARAM_H 1
| #define HAVE_SYS_SOCKET_H 1
| #define HAVE_NETINET_IN_H 1
| #define HAVE_ARPA_INET_H 1
| #define HAVE_GETADDRINFO 1
| #define HAVE_LIBM 1
| #define HAVE_BYTESWAP_H 1
| #define CCALIGN 1
| #define HAVE_SYS_SOUNDCARD_H 1
| #define HAVE_LINUX_SOUNDCARD_H 1
| /* end confdefs.h.  */
| 
| #define COBJMACROS 1
| #define _WIN32_WINNT 0x601
| #include <initguid.h>
| #include <audioclient.h>
| #include <mmdeviceapi.h>
| #include <avrt.h>
| int main(){
|   /* UUID Checks */
|   GUID *IDs = {
|     &CLSID_MMDeviceEnumerator,
|     &IID_IMMDeviceEnumerator,
|     &IID_IAudioClient,
|     &IID_IAudioRenderClient
|   };
|   return 0;
| }
| 
configure:16540: result: no
configure:16809: checking for os2.h
configure:16809: result: no
configure:16049: checking for esound
configure:16056: $PKG_CONFIG --exists --print-errors "esound"
Package esound was not found in the pkg-config search path.
Perhaps you should add the directory containing `esound.pc'
to the PKG_CONFIG_PATH environment variable
No package 'esound' found
configure:16059: $? = 1
configure:16073: $PKG_CONFIG --exists --print-errors "esound"
Package esound was not found in the pkg-config search path.
Perhaps you should add the directory containing `esound.pc'
to the PKG_CONFIG_PATH environment variable
No package 'esound' found
configure:16076: $? = 1
configure:16090: result: no
No package 'esound' found
configure:15854: checking for sem_post in -lpthread
configure:15877: gcc -o conftest -g -O2   conftest.c -lpthread  -lm  >&5
configure:15877: $? = 0
configure:15887: result: yes
configure:15893: checking for jack
configure:15900: $PKG_CONFIG --exists --print-errors "jack"
Package jack was not found in the pkg-config search path.
Perhaps you should add the directory containing `jack.pc'
to the PKG_CONFIG_PATH environment variable
No package 'jack' found
configure:15903: $? = 1
configure:15917: $PKG_CONFIG --exists --print-errors "jack"
Package jack was not found in the pkg-config search path.
Perhaps you should add the directory containing `jack.pc'
to the PKG_CONFIG_PATH environment variable
No package 'jack' found
configure:15920: $? = 1
configure:15934: result: no
No package 'jack' found
configure:16183: checking for Pa_Initialize in -lportaudio
configure:16206: gcc -o conftest -g -O2   conftest.c -lportaudio  -lm  >&5
/usr/bin/ld: cannot find -lportaudio
collect2: error: ld returned 1 exit status
configure:16206: $? = 1
configure: failed program was:
| /* confdefs.h */
| #define PACKAGE_NAME "mpg123"
| #define PACKAGE_TARNAME "mpg123"
| #define PACKAGE_VERSION "1.32.10"
| #define PACKAGE_STRING "mpg123 1.32.10"
| #define PACKAGE_BUGREPORT "maintainer@mpg123.org"
| #define PACKAGE_URL ""
| #define PACKAGE "mpg123"
| #define VERSION "1.32.10"
| #define HAVE_CLOCK_GETTIME 1
| #define HAVE_STDIO_H 1
| #define HAVE_STDLIB_H 1
| #define HAVE_STRING_H 1
| #define HAVE_INTTYPES_H 1
| #define HAVE_STDINT_H 1
| #define HAVE_STRINGS_H 1
| #define HAVE_SYS_STAT_H 1
| #define HAVE_SYS_TYPES_H 1
| #define HAVE_UNISTD_H 1
| #define STDC_HEADERS 1
| #define DYNAMIC_BUILD 1
| #define HAVE_DLOPEN 1
| #define HAVE_DLSYM 1
| #define HAVE_DLCLOSE 1
| #define HAVE_DLFCN_H 1
| #define LT_OBJDIR ".libs/"
| #define USE_MODULES 1
| #define LT_MODULE_EXT ".so"
| #define GAPLESS 1
| #define USE_NEW_HUFFTABLE 1
| #define ACCURATE_ROUNDING 1
| #define IEEE_FLOAT 1
| #define ASMALIGN_BALIGN 1
| #define HAVE_UNISTD_H 1
| #define HAVE_SCHED_H 1
| #define HAVE_SYS_IOCTL_H 1
| #define HAVE_SYS_TYPES_H 1
| #define HAVE_SYS_TIME_H 1
| #define HAVE_SYS_WAIT_H 1
| #define HAVE_SYS_RESOURCE_H 1
| #define HAVE_SYS_SIGNAL_H 1
| #define HAVE_SIGNAL_H 1
| #define HAVE_SYS_SELECT_H 1
| #define HAVE_DIRENT_H 1
| #define HAVE_SYS_STAT_H 1
| #define SIZEOF_OFF_T 8
| #define HAVE_MMAP 1
| #define HAVE_WINCON_H 1
| #define HAVE_TERMIOS 1
| #define HAVE_RANDOM 1
| #define HAVE_SETENV 1
| #define HAVE_UNSETENV 1
| #define HAVE_SCHED_SETSCHEDULER 1
| #define HAVE_SETUID 1
| #define HAVE_GETUID 1
| #define HAVE_SETPRIORITY 1
| #define HAVE_STRERROR 1
| #define HAVE_STRERROR_L 1
| #define HAVE_USELOCALE 1
| #define HAVE_SETLOCALE 1
| #define HAVE_NL_LANGINFO 1
| #define HAVE_MBSTOWCS 1
| #define HAVE_WCSTOMBS 1
| #define HAVE_WCSWIDTH 1
| #define HAVE_ISWPRINT 1
| #define HAVE_ATOLL 1
| #define HAVE_MKFIFO 1
| #define HAVE_FORK 1
| #define HAVE_EXECVP 1
| #define HAVE_CTERMID 1
| #define HAVE_LOCALE_H 1
| #define HAVE_LANGINFO_H 1
| #define HAVE_WCHAR_H 1
| #define HAVE_WCTYPE_H 1
| #define HAVE_NETDB_H 1
| #define HAVE_SYS_PARAM_H 1
| #define HAVE_SYS_SOCKET_H 1
| #define HAVE_NETINET_IN_H 1
| #define HAVE_ARPA_INET_H 1
| #define HAVE_GETADDRINFO 1
| #define HAVE_LIBM 1
| #define HAVE_BYTESWAP_H 1
| #define CCALIGN 1
| #define HAVE_SYS_SOUNDCARD_H 1
| #define HAVE_LINUX_SOUNDCARD_H 1
| /* end confdefs.h.  */
| 
| /* Override any GCC internal prototype to avoid an error.
|    Use char because int might match the return type of a GCC
|    builtin and then its argument prototype would still apply.  */
| char Pa_Initialize ();
| int
| main (void)
| {
| return Pa_Initialize ();
|   ;
|   return 0;
| }
configure:16216: result: no
configure:16288: checking for sdl2
configure:16295: $PKG_CONFIG --exists --print-errors "sdl2"
configure:16298: $? = 0
configure:16312: $PKG_CONFIG --exists --print-errors "sdl2"
configure:16315: $? = 0
configure:16353: result: yes
configure:16434: checking for AuOpenServer in -laudio
configure:16457: gcc -o conftest -g -O2   conftest.c -laudio  -lm  >&5
/usr/bin/ld: cannot find -laudio
collect2: error: ld returned 1 exit status
configure:16457: $? = 1
configure: failed program was:
| /* confdefs.h */
| #define PACKAGE_NAME "mpg123"
| #define PACKAGE_TARNAME "mpg123"
| #define PACKAGE_VERSION "1.32.10"
| #define PACKAGE_STRING "mpg123 1.32.10"
| #define PACKAGE_BUGREPORT "maintainer@mpg123.org"
| #define PACKAGE_URL ""
| #define PACKAGE "mpg123"
| #define VERSION "1.32.10"
| #define HAVE_CLOCK_GETTIME 1
| #define HAVE_STDIO_H 1
| #define HAVE_STDLIB_H 1
| #define HAVE_STRING_H 1
| #define HAVE_INTTYPES_H 1
| #define HAVE_STDINT_H 1
| #define HAVE_STRINGS_H 1
| #define HAVE_SYS_STAT_H 1
| #define HAVE_SYS_TYPES_H 1
| #define HAVE_UNISTD_H 1
| #define STDC_HEADERS 1
| #define DYNAMIC_BUILD 1
| #define HAVE_DLOPEN 1
| #define HAVE_DLSYM 1
| #define HAVE_DLCLOSE 1
| #define HAVE_DLFCN_H 1
| #define LT_OBJDIR ".libs/"
| #define USE_MODULES 1
| #define LT_MODULE_EXT ".so"
| #define GAPLESS 1
| #define USE_NEW_HUFFTABLE 1
| #define ACCURATE_ROUNDING 1
| #define IEEE_FLOAT 1
| #define ASMALIGN_BALIGN 1
| #define HAVE_UNISTD_H 1
| #define HAVE_SCHED_H 1
| #define HAVE_SYS_IOCTL_H 1
| #define HAVE_SYS_TYPES_H 1
| #define HAVE_SYS_TIME_H 1
| #define HAVE_SYS_WAIT_H 1
| #define HAVE_SYS_RESOURCE_H 1
| #define HAVE_SYS_SIGNAL_H 1
| #define HAVE_SIGNAL_H 1
| #define HAVE_SYS_SELECT_H 1
| #define HAVE_DIRENT_H 1
| #define HAVE_SYS_STAT_H 1
| #define SIZEOF_OFF_T 8
| #define HAVE_MMAP 1
| #define HAVE_WINCON_H 1
| #define HAVE_TERMIOS 1
| #define HAVE_RANDOM 1
| #define HAVE_SETENV 1
| #define HAVE_UNSETENV 1
| #define HAVE_SCHED_SETSCHEDULER 1
| #define HAVE_SETUID 1
| #define HAVE_GETUID 1
| #define HAVE_SETPRIORITY 1
| #define HAVE_STRERROR 1
| #define HAVE_STRERROR_L 1
| #define HAVE_USELOCALE 1
| #define HAVE_SETLOCALE 1
| #define HAVE_NL_LANGINFO 1
| #define HAVE_MBSTOWCS 1
| #define HAVE_WCSTOMBS 1
| #define HAVE_WCSWIDTH 1
| #define HAVE_ISWPRINT 1
| #define HAVE_ATOLL 1
| #define HAVE_MKFIFO 1
| #define HAVE_FORK 1
| #define HAVE_EXECVP 1
| #define HAVE_CTERMID 1
| #define HAVE_LOCALE_H 1
| #define HAVE_LANGINFO_H 1
| #define HAVE_WCHAR_H 1
| #define HAVE_WCTYPE_H 1
| #define HAVE_NETDB_H 1
| #define HAVE_SYS_PARAM_H 1
| #define HAVE_SYS_SOCKET_H 1
| #define HAVE_NETINET_IN_H 1
| #define HAVE_ARPA_INET_H 1
| #define HAVE_GETADDRINFO 1
| #define HAVE_LIBM 1
| #define HAVE_BYTESWAP_H 1
| #define CCALIGN 1
| #define HAVE_SYS_SOUNDCARD_H 1
| #define HAVE_LINUX_SOUNDCARD_H 1
| /* end confdefs.h.  */
| 
| /* Override any GCC internal prototype to avoid an error.
|    Use char because int might match the return type of a GCC
|    builtin and then its argument prototype would still apply.  */
| char AuOpenServer ();
| int
| main (void)
| {
| return AuOpenServer ();
|   ;
|   return 0;
| }
configure:16467: result: no
configure:16726: checking for artsc
configure:16736: result: no
configure:16742: checking for OpenAL/al.h
configure:16742: gcc -c -g -O2  conftest.c >&5
conftest.c:115:10: fatal error: OpenAL/al.h: No such file or directory
  115 | #include <OpenAL/al.h>
      |          ^~~~~~~~~~~~~
compilation terminated.
configure:16742: $? = 1
configure: failed program was:
| /* confdefs.h */
| #define PACKAGE_NAME "mpg123"
| #define PACKAGE_TARNAME "mpg123"
| #define PACKAGE_VERSION "1.32.10"
| #define PACKAGE_STRING "mpg123 1.32.10"
| #define PACKAGE_BUGREPORT "maintainer@mpg123.org"
| #define PACKAGE_URL ""
| #define PACKAGE "mpg123"
| #define VERSION "1.32.10"
| #define HAVE_CLOCK_GETTIME 1
| #define HAVE_STDIO_H 1
| #define HAVE_STDLIB_H 1
| #define HAVE_STRING_H 1
| #define HAVE_INTTYPES_H 1
| #define HAVE_STDINT_H 1
| #define HAVE_STRINGS_H 1
| #define HAVE_SYS_STAT_H 1
| #define HAVE_SYS_TYPES_H 1
| #define HAVE_UNISTD_H 1
| #define STDC_HEADERS 1
| #define DYNAMIC_BUILD 1
| #define HAVE_DLOPEN 1
| #define HAVE_DLSYM 1
| #define HAVE_DLCLOSE 1
| #define HAVE_DLFCN_H 1
| #define LT_OBJDIR ".libs/"
| #define USE_MODULES 1
| #define LT_MODULE_EXT ".so"
| #define GAPLESS 1
| #define USE_NEW_HUFFTABLE 1
| #define ACCURATE_ROUNDING 1
| #define IEEE_FLOAT 1
| #define ASMALIGN_BALIGN 1
| #define HAVE_UNISTD_H 1
| #define HAVE_SCHED_H 1
| #define HAVE_SYS_IOCTL_H 1
| #define HAVE_SYS_TYPES_H 1
| #define HAVE_SYS_TIME_H 1
| #define HAVE_SYS_WAIT_H 1
| #define HAVE_SYS_RESOURCE_H 1
| #define HAVE_SYS_SIGNAL_H 1
| #define HAVE_SIGNAL_H 1
| #define HAVE_SYS_SELECT_H 1
| #define HAVE_DIRENT_H 1
| #define HAVE_SYS_STAT_H 1
| #define SIZEOF_OFF_T 8
| #define HAVE_MMAP 1
| #define HAVE_WINCON_H 1
| #define HAVE_TERMIOS 1
| #define HAVE_RANDOM 1
| #define HAVE_SETENV 1
| #define HAVE_UNSETENV 1
| #define HAVE_SCHED_SETSCHEDULER 1
| #define HAVE_SETUID 1
| #define HAVE_GETUID 1
| #define HAVE_SETPRIORITY 1
| #define HAVE_STRERROR 1
| #define HAVE_STRERROR_L 1
| #define HAVE_USELOCALE 1
| #define HAVE_SETLOCALE 1
| #define HAVE_NL_LANGINFO 1
| #define HAVE_MBSTOWCS 1
| #define HAVE_WCSTOMBS 1
| #define HAVE_WCSWIDTH 1
| #define HAVE_ISWPRINT 1
| #define HAVE_ATOLL 1
| #define HAVE_MKFIFO 1
| #define HAVE_FORK 1
| #define HAVE_EXECVP 1
| #define HAVE_CTERMID 1
| #define HAVE_LOCALE_H 1
| #define HAVE_LANGINFO_H 1
| #define HAVE_WCHAR_H 1
| #define HAVE_WCTYPE_H 1
| #define HAVE_NETDB_H 1
| #define HAVE_SYS_PARAM_H 1
| #define HAVE_SYS_SOCKET_H 1
| #define HAVE_NETINET_IN_H 1
| #define HAVE_ARPA_INET_H 1
| #define HAVE_GETADDRINFO 1
| #define HAVE_LIBM 1
| #define HAVE_BYTESWAP_H 1
| #define CCALIGN 1
| #define HAVE_SYS_SOUNDCARD_H 1
| #define HAVE_LINUX_SOUNDCARD_H 1
| /* end confdefs.h.  */
| #include <stddef.h>
| #ifdef HAVE_STDIO_H
| # include <stdio.h>
| #endif
| #ifdef HAVE_STDLIB_H
| # include <stdlib.h>
| #endif
| #ifdef HAVE_STRING_H
| # include <string.h>
| #endif
| #ifdef HAVE_INTTYPES_H
| # include <inttypes.h>
| #endif
| #ifdef HAVE_STDINT_H
| # include <stdint.h>
| #endif
| #ifdef HAVE_STRINGS_H
| # include <strings.h>
| #endif
| #ifdef HAVE_SYS_TYPES_H
| # include <sys/types.h>
| #endif
| #ifdef HAVE_SYS_STAT_H
| # include <sys/stat.h>
| #endif
| #ifdef HAVE_UNISTD_H
| # include <unistd.h>
| #endif
| #include <OpenAL/al.h>
configure:16742: result: no
configure:16748: checking for OpenAL/alc.h
configure:16748: gcc -c -g -O2  conftest.c >&5
conftest.c:115:10: fatal error: OpenAL/alc.h: No such file or directory
  115 | #include <OpenAL/alc.h>
      |          ^~~~~~~~~~~~~~
compilation terminated.
configure:16748: $? = 1
configure: failed program was:
| /* confdefs.h */
| #define PACKAGE_NAME "mpg123"
| #define PACKAGE_TARNAME "mpg123"
| #define PACKAGE_VERSION "1.32.10"
| #define PACKAGE_STRING "mpg123 1.32.10"
| #define PACKAGE_BUGREPORT "maintainer@mpg123.org"
| #define PACKAGE_URL ""
| #define PACKAGE "mpg123"
| #define VERSION "1.32.10"
| #define HAVE_CLOCK_GETTIME 1
| #define HAVE_STDIO_H 1
| #define HAVE_STDLIB_H 1
| #define HAVE_STRING_H 1
| #define HAVE_INTTYPES_H 1
| #define HAVE_STDINT_H 1
| #define HAVE_STRINGS_H 1
| #define HAVE_SYS_STAT_H 1
| #define HAVE_SYS_TYPES_H 1
| #define HAVE_UNISTD_H 1
| #define STDC_HEADERS 1
| #define DYNAMIC_BUILD 1
| #define HAVE_DLOPEN 1
| #define HAVE_DLSYM 1
| #define HAVE_DLCLOSE 1
| #define HAVE_DLFCN_H 1
| #define LT_OBJDIR ".libs/"
| #define USE_MODULES 1
| #define LT_MODULE_EXT ".so"
| #define GAPLESS 1
| #define USE_NEW_HUFFTABLE 1
| #define ACCURATE_ROUNDING 1
| #define IEEE_FLOAT 1
| #define ASMALIGN_BALIGN 1
| #define HAVE_UNISTD_H 1
| #define HAVE_SCHED_H 1
| #define HAVE_SYS_IOCTL_H 1
| #define HAVE_SYS_TYPES_H 1
| #define HAVE_SYS_TIME_H 1
| #define HAVE_SYS_WAIT_H 1
| #define HAVE_SYS_RESOURCE_H 1
| #define HAVE_SYS_SIGNAL_H 1
| #define HAVE_SIGNAL_H 1
| #define HAVE_SYS_SELECT_H 1
| #define HAVE_DIRENT_H 1
| #define HAVE_SYS_STAT_H 1
| #define SIZEOF_OFF_T 8
| #define HAVE_MMAP 1
| #define HAVE_WINCON_H 1
| #define HAVE_TERMIOS 1
| #define HAVE_RANDOM 1
| #define HAVE_SETENV 1
| #define HAVE_UNSETENV 1
| #define HAVE_SCHED_SETSCHEDULER 1
| #define HAVE_SETUID 1
| #define HAVE_GETUID 1
| #define HAVE_SETPRIORITY 1
| #define HAVE_STRERROR 1
| #define HAVE_STRERROR_L 1
| #define HAVE_USELOCALE 1
| #define HAVE_SETLOCALE 1
| #define HAVE_NL_LANGINFO 1
| #define HAVE_MBSTOWCS 1
| #define HAVE_WCSTOMBS 1
| #define HAVE_WCSWIDTH 1
| #define HAVE_ISWPRINT 1
| #define HAVE_ATOLL 1
| #define HAVE_MKFIFO 1
| #define HAVE_FORK 1
| #define HAVE_EXECVP 1
| #define HAVE_CTERMID 1
| #define HAVE_LOCALE_H 1
| #define HAVE_LANGINFO_H 1
| #define HAVE_WCHAR_H 1
| #define HAVE_WCTYPE_H 1
| #define HAVE_NETDB_H 1
| #define HAVE_SYS_PARAM_H 1
| #define HAVE_SYS_SOCKET_H 1
| #define HAVE_NETINET_IN_H 1
| #define HAVE_ARPA_INET_H 1
| #define HAVE_GETADDRINFO 1
| #define HAVE_LIBM 1
| #define HAVE_BYTESWAP_H 1
| #define CCALIGN 1
| #define HAVE_SYS_SOUNDCARD_H 1
| #define HAVE_LINUX_SOUNDCARD_H 1
| /* end confdefs.h.  */
| #include <stddef.h>
| #ifdef HAVE_STDIO_H
| # include <stdio.h>
| #endif
| #ifdef HAVE_STDLIB_H
| # include <stdlib.h>
| #endif
| #ifdef HAVE_STRING_H
| # include <string.h>
| #endif
| #ifdef HAVE_INTTYPES_H
| # include <inttypes.h>
| #endif
| #ifdef HAVE_STDINT_H
| # include <stdint.h>
| #endif
| #ifdef HAVE_STRINGS_H
| # include <strings.h>
| #endif
| #ifdef HAVE_SYS_TYPES_H
| # include <sys/types.h>
| #endif
| #ifdef HAVE_SYS_STAT_H
| # include <sys/stat.h>
| #endif
| #ifdef HAVE_UNISTD_H
| # include <unistd.h>
| #endif
| #include <OpenAL/alc.h>
configure:16748: result: no
configure:16754: checking for AL/al.h
configure:16754: gcc -c -g -O2  conftest.c >&5
configure:16754: $? = 0
configure:16754: result: yes
configure:16760: checking for AL/alc.h
configure:16760: gcc -c -g -O2  conftest.c >&5
configure:16760: $? = 0
configure:16760: result: yes
configure:16766: checking for al.h
configure:16766: gcc -c -g -O2  conftest.c >&5
conftest.c:117:10: fatal error: al.h: No such file or directory
  117 | #include <al.h>
      |          ^~~~~~
compilation terminated.
configure:16766: $? = 1
configure: failed program was:
| /* confdefs.h */
| #define PACKAGE_NAME "mpg123"
| #define PACKAGE_TARNAME "mpg123"
| #define PACKAGE_VERSION "1.32.10"
| #define PACKAGE_STRING "mpg123 1.32.10"
| #define PACKAGE_BUGREPORT "maintainer@mpg123.org"
| #define PACKAGE_URL ""
| #define PACKAGE "mpg123"
| #define VERSION "1.32.10"
| #define HAVE_CLOCK_GETTIME 1
| #define HAVE_STDIO_H 1
| #define HAVE_STDLIB_H 1
| #define HAVE_STRING_H 1
| #define HAVE_INTTYPES_H 1
| #define HAVE_STDINT_H 1
| #define HAVE_STRINGS_H 1
| #define HAVE_SYS_STAT_H 1
| #define HAVE_SYS_TYPES_H 1
| #define HAVE_UNISTD_H 1
| #define STDC_HEADERS 1
| #define DYNAMIC_BUILD 1
| #define HAVE_DLOPEN 1
| #define HAVE_DLSYM 1
| #define HAVE_DLCLOSE 1
| #define HAVE_DLFCN_H 1
| #define LT_OBJDIR ".libs/"
| #define USE_MODULES 1
| #define LT_MODULE_EXT ".so"
| #define GAPLESS 1
| #define USE_NEW_HUFFTABLE 1
| #define ACCURATE_ROUNDING 1
| #define IEEE_FLOAT 1
| #define ASMALIGN_BALIGN 1
| #define HAVE_UNISTD_H 1
| #define HAVE_SCHED_H 1
| #define HAVE_SYS_IOCTL_H 1
| #define HAVE_SYS_TYPES_H 1
| #define HAVE_SYS_TIME_H 1
| #define HAVE_SYS_WAIT_H 1
| #define HAVE_SYS_RESOURCE_H 1
| #define HAVE_SYS_SIGNAL_H 1
| #define HAVE_SIGNAL_H 1
| #define HAVE_SYS_SELECT_H 1
| #define HAVE_DIRENT_H 1
| #define HAVE_SYS_STAT_H 1
| #define SIZEOF_OFF_T 8
| #define HAVE_MMAP 1
| #define HAVE_WINCON_H 1
| #define HAVE_TERMIOS 1
| #define HAVE_RANDOM 1
| #define HAVE_SETENV 1
| #define HAVE_UNSETENV 1
| #define HAVE_SCHED_SETSCHEDULER 1
| #define HAVE_SETUID 1
| #define HAVE_GETUID 1
| #define HAVE_SETPRIORITY 1
| #define HAVE_STRERROR 1
| #define HAVE_STRERROR_L 1
| #define HAVE_USELOCALE 1
| #define HAVE_SETLOCALE 1
| #define HAVE_NL_LANGINFO 1
| #define HAVE_MBSTOWCS 1
| #define HAVE_WCSTOMBS 1
| #define HAVE_WCSWIDTH 1
| #define HAVE_ISWPRINT 1
| #define HAVE_ATOLL 1
| #define HAVE_MKFIFO 1
| #define HAVE_FORK 1
| #define HAVE_EXECVP 1
| #define HAVE_CTERMID 1
| #define HAVE_LOCALE_H 1
| #define HAVE_LANGINFO_H 1
| #define HAVE_WCHAR_H 1
| #define HAVE_WCTYPE_H 1
| #define HAVE_NETDB_H 1
| #define HAVE_SYS_PARAM_H 1
| #define HAVE_SYS_SOCKET_H 1
| #define HAVE_NETINET_IN_H 1
| #define HAVE_ARPA_INET_H 1
| #define HAVE_GETADDRINFO 1
| #define HAVE_LIBM 1
| #define HAVE_BYTESWAP_H 1
| #define CCALIGN 1
| #define HAVE_SYS_SOUNDCARD_H 1
| #define HAVE_LINUX_SOUNDCARD_H 1
| #define HAVE_AL_AL_H 1
| #define HAVE_AL_ALC_H 1
| /* end confdefs.h.  */
| #include <stddef.h>
| #ifdef HAVE_STDIO_H
| # include <stdio.h>
| #endif
| #ifdef HAVE_STDLIB_H
| # include <stdlib.h>
| #endif
| #ifdef HAVE_STRING_H
| # include <string.h>
| #endif
| #ifdef HAVE_INTTYPES_H
| # include <inttypes.h>
| #endif
| #ifdef HAVE_STDINT_H
| # include <stdint.h>
| #endif
| #ifdef HAVE_STRINGS_H
| # include <strings.h>
| #endif
| #ifdef HAVE_SYS_TYPES_H
| # include <sys/types.h>
| #endif
| #ifdef HAVE_SYS_STAT_H
| # include <sys/stat.h>
| #endif
| #ifdef HAVE_UNISTD_H
| # include <unistd.h>
| #endif
| #include <al.h>
configure:16766: result: no
configure:16772: checking for alc.h
configure:16772: gcc -c -g -O2  conftest.c >&5
conftest.c:117:10: fatal error: alc.h: No such file or directory
  117 | #include <alc.h>
      |          ^~~~~~~
compilation terminated.
configure:16772: $? = 1
configure: failed program was:
| /* confdefs.h */
| #define PACKAGE_NAME "mpg123"
| #define PACKAGE_TARNAME "mpg123"
| #define PACKAGE_VERSION "1.32.10"
| #define PACKAGE_STRING "mpg123 1.32.10"
| #define PACKAGE_BUGREPORT "maintainer@mpg123.org"
| #define PACKAGE_URL ""
| #define PACKAGE "mpg123"
| #define VERSION "1.32.10"
| #define HAVE_CLOCK_GETTIME 1
| #define HAVE_STDIO_H 1
| #define HAVE_STDLIB_H 1
| #define HAVE_STRING_H 1
| #define HAVE_INTTYPES_H 1
| #define HAVE_STDINT_H 1
| #define HAVE_STRINGS_H 1
| #define HAVE_SYS_STAT_H 1
| #define HAVE_SYS_TYPES_H 1
| #define HAVE_UNISTD_H 1
| #define STDC_HEADERS 1
| #define DYNAMIC_BUILD 1
| #define HAVE_DLOPEN 1
| #define HAVE_DLSYM 1
| #define HAVE_DLCLOSE 1
| #define HAVE_DLFCN_H 1
| #define LT_OBJDIR ".libs/"
| #define USE_MODULES 1
| #define LT_MODULE_EXT ".so"
| #define GAPLESS 1
| #define USE_NEW_HUFFTABLE 1
| #define ACCURATE_ROUNDING 1
| #define IEEE_FLOAT 1
| #define ASMALIGN_BALIGN 1
| #define HAVE_UNISTD_H 1
| #define HAVE_SCHED_H 1
| #define HAVE_SYS_IOCTL_H 1
| #define HAVE_SYS_TYPES_H 1
| #define HAVE_SYS_TIME_H 1
| #define HAVE_SYS_WAIT_H 1
| #define HAVE_SYS_RESOURCE_H 1
| #define HAVE_SYS_SIGNAL_H 1
| #define HAVE_SIGNAL_H 1
| #define HAVE_SYS_SELECT_H 1
| #define HAVE_DIRENT_H 1
| #define HAVE_SYS_STAT_H 1
| #define SIZEOF_OFF_T 8
| #define HAVE_MMAP 1
| #define HAVE_WINCON_H 1
| #define HAVE_TERMIOS 1
| #define HAVE_RANDOM 1
| #define HAVE_SETENV 1
| #define HAVE_UNSETENV 1
| #define HAVE_SCHED_SETSCHEDULER 1
| #define HAVE_SETUID 1
| #define HAVE_GETUID 1
| #define HAVE_SETPRIORITY 1
| #define HAVE_STRERROR 1
| #define HAVE_STRERROR_L 1
| #define HAVE_USELOCALE 1
| #define HAVE_SETLOCALE 1
| #define HAVE_NL_LANGINFO 1
| #define HAVE_MBSTOWCS 1
| #define HAVE_WCSTOMBS 1
| #define HAVE_WCSWIDTH 1
| #define HAVE_ISWPRINT 1
| #define HAVE_ATOLL 1
| #define HAVE_MKFIFO 1
| #define HAVE_FORK 1
| #define HAVE_EXECVP 1
| #define HAVE_CTERMID 1
| #define HAVE_LOCALE_H 1
| #define HAVE_LANGINFO_H 1
| #define HAVE_WCHAR_H 1
| #define HAVE_WCTYPE_H 1
| #define HAVE_NETDB_H 1
| #define HAVE_SYS_PARAM_H 1
| #define HAVE_SYS_SOCKET_H 1
| #define HAVE_NETINET_IN_H 1
| #define HAVE_ARPA_INET_H 1
| #define HAVE_GETADDRINFO 1
| #define HAVE_LIBM 1
| #define HAVE_BYTESWAP_H 1
| #define CCALIGN 1
| #define HAVE_SYS_SOUNDCARD_H 1
| #define HAVE_LINUX_SOUNDCARD_H 1
| #define HAVE_AL_AL_H 1
| #define HAVE_AL_ALC_H 1
| /* end confdefs.h.  */
| #include <stddef.h>
| #ifdef HAVE_STDIO_H
| # include <stdio.h>
| #endif
| #ifdef HAVE_STDLIB_H
| # include <stdlib.h>
| #endif
| #ifdef HAVE_STRING_H
| # include <string.h>
| #endif
| #ifdef HAVE_INTTYPES_H
| # include <inttypes.h>
| #endif
| #ifdef HAVE_STDINT_H
| # include <stdint.h>
| #endif
| #ifdef HAVE_STRINGS_H
| # include <strings.h>
| #endif
| #ifdef HAVE_SYS_TYPES_H
| # include <sys/types.h>
| #endif
| #ifdef HAVE_SYS_STAT_H
| # include <sys/stat.h>
| #endif
| #ifdef HAVE_UNISTD_H
| # include <unistd.h>
| #endif
| #include <alc.h>
configure:16772: result: no
configure:15630: checking if you are too dumbing dumb for the dummy
configure:15632: result: no
configure:17875: checking if we have EOVERFLOW macro
configure:17884: gcc -c -O2 -fomit-frame-pointer -funroll-all-loops -finline-functions -ffast-math  -g -O2  -DOPT_MULTI -DOPT_X86_64 -DOPT_GENERIC -DOPT_GENERIC_DITHER -DREAL_IS_FLOAT -DOPT_AVX  conftest.c >&5
configure:17884: $? = 0
configure:17891: result: yes
configure:17941: checking for preferred network support
configure:17991: result: auto
configure:17999: checking for automatic network support
configure:18010: result: exec
configure:18038: checking IPv6 use
configure:18045: result: enabled
configure:18305: checking that generated files are newer than configure
configure:18311: result: done
configure:18771: creating ./config.status

## ---------------------- ##
## Running config.status. ##
## ---------------------- ##

This file was extended by mpg123 config.status 1.32.10, which was
generated by GNU Autoconf 2.71.  Invocation command line was

  CONFIG_FILES    = 
  CONFIG_HEADERS  = 
  CONFIG_LINKS    = 
  CONFIG_COMMANDS = 
  $ ./config.status 

on oar-HP-Notebook

config.status:1467: creating Makefile
config.status:1467: creating libmpg123.pc
config.status:1467: creating libout123.pc
config.status:1467: creating libsyn123.pc
config.status:1467: creating mpg123.spec
config.status:1467: creating src/config.h
config.status:1648: src/config.h is unchanged
config.status:1696: executing depfiles commands
config.status:1773: cd .       && sed -e '/# am--include-marker/d' Makefile         | make -f - am--depfiles
make: Nothing to be done for 'am--depfiles'.
config.status:1778: $? = 0
config.status:1696: executing libtool commands

## ---------------- ##
## Cache variables. ##
## ---------------- ##

ac_cv_build=x86_64-pc-linux-gnu
ac_cv_c_bigendian=no
ac_cv_c_compiler_gnu=yes
ac_cv_c_const=yes
ac_cv_c_inline=inline
ac_cv_env_CCASFLAGS_set=
ac_cv_env_CCASFLAGS_value=
ac_cv_env_CCAS_set=
ac_cv_env_CCAS_value=
ac_cv_env_CC_set=
ac_cv_env_CC_value=
ac_cv_env_CFLAGS_set=
ac_cv_env_CFLAGS_value=
ac_cv_env_CPPFLAGS_set=
ac_cv_env_CPPFLAGS_value=
ac_cv_env_CPP_set=
ac_cv_env_CPP_value=
ac_cv_env_ESD_CFLAGS_set=
ac_cv_env_ESD_CFLAGS_value=
ac_cv_env_ESD_LIBS_set=
ac_cv_env_ESD_LIBS_value=
ac_cv_env_JACK_CFLAGS_set=
ac_cv_env_JACK_CFLAGS_value=
ac_cv_env_JACK_LIBS_set=
ac_cv_env_JACK_LIBS_value=
ac_cv_env_LDFLAGS_set=
ac_cv_env_LDFLAGS_value=
ac_cv_env_LIBS_set=
ac_cv_env_LIBS_value=
ac_cv_env_LT_SYS_LIBRARY_PATH_set=
ac_cv_env_LT_SYS_LIBRARY_PATH_value=
ac_cv_env_PKG_CONFIG_LIBDIR_set=
ac_cv_env_PKG_CONFIG_LIBDIR_value=
ac_cv_env_PKG_CONFIG_PATH_set=
ac_cv_env_PKG_CONFIG_PATH_value=
ac_cv_env_PKG_CONFIG_set=
ac_cv_env_PKG_CONFIG_value=
ac_cv_env_PULSE_CFLAGS_set=
ac_cv_env_PULSE_CFLAGS_value=
ac_cv_env_PULSE_LIBS_set=
ac_cv_env_PULSE_LIBS_value=
ac_cv_env_SDL_CFLAGS_set=
ac_cv_env_SDL_CFLAGS_value=
ac_cv_env_SDL_LIBS_set=
ac_cv_env_SDL_LIBS_value=
ac_cv_env_SNDIO_CFLAGS_set=
ac_cv_env_SNDIO_CFLAGS_value=
ac_cv_env_SNDIO_LIBS_set=
ac_cv_env_SNDIO_LIBS_value=
ac_cv_env_build_alias_set=
ac_cv_env_build_alias_value=
ac_cv_env_host_alias_set=
ac_cv_env_host_alias_value=
ac_cv_env_target_alias_set=
ac_cv_env_target_alias_value=
ac_cv_func_atoll=yes
ac_cv_func_clock_gettime=yes
ac_cv_func_ctermid=yes
ac_cv_func_dlclose=yes
ac_cv_func_dlopen=yes
ac_cv_func_dlsym=yes
ac_cv_func_execvp=yes
ac_cv_func_fork=yes
ac_cv_func_getaddrinfo=yes
ac_cv_func_getuid=yes
ac_cv_func_iswprint=yes
ac_cv_func_mbstowcs=yes
ac_cv_func_mkfifo=yes
ac_cv_func_mmap=yes
ac_cv_func_nl_langinfo=yes
ac_cv_func_random=yes
ac_cv_func_sched_setscheduler=yes
ac_cv_func_setenv=yes
ac_cv_func_setlocale=yes
ac_cv_func_setpriority=yes
ac_cv_func_setuid=yes
ac_cv_func_strerror=yes
ac_cv_func_strerror_l=yes
ac_cv_func_unsetenv=yes
ac_cv_func_uselocale=yes
ac_cv_func_wcstombs=yes
ac_cv_func_wcswidth=yes
ac_cv_header_AL_al_h=yes
ac_cv_header_AL_alc_h=yes
ac_cv_header_AudioToolbox_AudioToolbox_h=no
ac_cv_header_AudioUnit_AudioUnit_h=no
ac_cv_header_OpenAL_al_h=no
ac_cv_header_OpenAL_alc_h=no
ac_cv_header_al_h=no
ac_cv_header_alc_h=no
ac_cv_header_alsa_asoundlib_h=yes
ac_cv_header_arpa_inet_h=yes
ac_cv_header_asm_audioio_h=no
ac_cv_header_byteswap_h=yes
ac_cv_header_dirent_h=yes
ac_cv_header_dlfcn_h=yes
ac_cv_header_inttypes_h=yes
ac_cv_header_langinfo_h=yes
ac_cv_header_linux_soundcard_h=yes
ac_cv_header_locale_h=yes
ac_cv_header_machine_soundcard_h=no
ac_cv_header_netdb_h=yes
ac_cv_header_netinet_in_h=yes
ac_cv_header_os2_h=no
ac_cv_header_sched_h=yes
ac_cv_header_signal_h=yes
ac_cv_header_stdint_h=yes
ac_cv_header_stdio_h=yes
ac_cv_header_stdlib_h=yes
ac_cv_header_string_h=yes
ac_cv_header_strings_h=yes
ac_cv_header_sun_audioio_h=no
ac_cv_header_sys_audio_h=no
ac_cv_header_sys_audioio_h=no
ac_cv_header_sys_ioctl_h=yes
ac_cv_header_sys_param_h=yes
ac_cv_header_sys_resource_h=yes
ac_cv_header_sys_select_h=yes
ac_cv_header_sys_signal_h=yes
ac_cv_header_sys_socket_h=yes
ac_cv_header_sys_soundcard_h=yes
ac_cv_header_sys_stat_h=yes
ac_cv_header_sys_time_h=yes
ac_cv_header_sys_types_h=yes
ac_cv_header_sys_wait_h=yes
ac_cv_header_unistd_h=yes
ac_cv_header_wchar_h=yes
ac_cv_header_wctype_h=yes
ac_cv_header_wincon_h=no
ac_cv_header_windows_h=no
ac_cv_host=x86_64-pc-linux-gnu
ac_cv_lib_asound_snd_pcm_open=yes
ac_cv_lib_audio_AuOpenServer=no
ac_cv_lib_m_cos=yes
ac_cv_lib_m_sqrt=yes
ac_cv_lib_mx_powf=no
ac_cv_lib_portaudio_Pa_Initialize=no
ac_cv_lib_pthread_sem_post=yes
ac_cv_lib_tinyalsa_pcm_open=no
ac_cv_objext=o
ac_cv_path_EGREP='/usr/bin/grep -E'
ac_cv_path_FGREP='/usr/bin/grep -F'
ac_cv_path_GREP=/usr/bin/grep
ac_cv_path_SED=/usr/bin/sed
ac_cv_path_ac_pt_PKG_CONFIG=/usr/bin/pkg-config
ac_cv_path_install='/usr/bin/install -c'
ac_cv_path_lt_DD=/usr/bin/dd
ac_cv_path_mkdir=/usr/bin/mkdir
ac_cv_prog_AWK=gawk
ac_cv_prog_CPP='gcc -E'
ac_cv_prog_ac_ct_AR=ar
ac_cv_prog_ac_ct_CC=gcc
ac_cv_prog_ac_ct_MANIFEST_TOOL=mt
ac_cv_prog_ac_ct_OBJDUMP=objdump
ac_cv_prog_ac_ct_RANLIB=ranlib
ac_cv_prog_ac_ct_STRIP=strip
ac_cv_prog_cc_c11=
ac_cv_prog_cc_g=yes
ac_cv_prog_cc_stdc=
ac_cv_prog_make_make_set=yes
ac_cv_search_clock_gettime='none required'
ac_cv_search_dlclose='none required'
ac_cv_search_dlopen=-ldl
ac_cv_search_dlsym='none required'
ac_cv_search_gethostbyname='none required'
ac_cv_search_socket='none required'
ac_cv_sizeof_off_t=8
ac_cv_sys_posix_termios=yes
am_cv_CCAS_dependencies_compiler_type=gcc3
am_cv_CC_dependencies_compiler_type=gcc3
am_cv_make_support_nested_variables=yes
am_cv_prog_cc_c_o=yes
libltdl_cv_shlibext=.so
libltdl_cv_shrext=.so
lt_cv_ar_at_file=@
lt_cv_archive_cmds_need_lc=no
lt_cv_deplibs_check_method=pass_all
lt_cv_file_magic_cmd='$MAGIC_CMD'
lt_cv_file_magic_test_file=
lt_cv_ld_reload_flag=-r
lt_cv_nm_interface='BSD nm'
lt_cv_objdir=.libs
lt_cv_path_LD=/usr/bin/ld
lt_cv_path_NM='/usr/bin/nm -B'
lt_cv_path_mainfest_tool=no
lt_cv_prog_compiler_c_o=yes
lt_cv_prog_compiler_pic='-fPIC -DPIC'
lt_cv_prog_compiler_pic_works=yes
lt_cv_prog_compiler_rtti_exceptions=no
lt_cv_prog_compiler_static_works=yes
lt_cv_prog_gnu_ld=yes
lt_cv_sharedlib_from_linklib_cmd='printf %s\n'
lt_cv_shlibpath_overrides_runpath=yes
lt_cv_sys_global_symbol_pipe='sed -n -e '\''s/^.*[	 ]\([ABCDGIRSTW][ABCDGIRSTW]*\)[	 ][	 ]*\([_A-Za-z][_A-Za-z0-9]*\)$/\1 \2 \2/p'\'' | sed '\''/ __gnu_lto/d'\'''
lt_cv_sys_global_symbol_to_c_name_address='sed -n -e '\''s/^: \(.*\) .*$/  {"\1", (void *) 0},/p'\'' -e '\''s/^[ABCDGIRSTW][ABCDGIRSTW]* .* \(.*\)$/  {"\1", (void *) \&\1},/p'\'''
lt_cv_sys_global_symbol_to_c_name_address_lib_prefix='sed -n -e '\''s/^: \(.*\) .*$/  {"\1", (void *) 0},/p'\'' -e '\''s/^[ABCDGIRSTW][ABCDGIRSTW]* .* \(lib.*\)$/  {"\1", (void *) \&\1},/p'\'' -e '\''s/^[ABCDGIRSTW][ABCDGIRSTW]* .* \(.*\)$/  {"lib\1", (void *) \&\1},/p'\'''
lt_cv_sys_global_symbol_to_cdecl='sed -n -e '\''s/^T .* \(.*\)$/extern int \1();/p'\'' -e '\''s/^[ABCDGIRSTW][ABCDGIRSTW]* .* \(.*\)$/extern char \1;/p'\'''
lt_cv_sys_global_symbol_to_import=
lt_cv_sys_max_cmd_len=1572864
lt_cv_to_host_file_cmd=func_convert_file_noop
lt_cv_to_tool_file_cmd=func_convert_file_noop
lt_cv_truncate_bin='/usr/bin/dd bs=4096 count=1'
pkg_cv_PULSE_CFLAGS=-D_REENTRANT
pkg_cv_PULSE_LIBS='-lpulse-simple -lpulse'
pkg_cv_SDL_CFLAGS='-D_REENTRANT -I/usr/local/include -I/usr/local/include/SDL2'
pkg_cv_SDL_LIBS='-L/usr/local/lib -Wl,-rpath,/usr/local/lib -Wl,--enable-new-dtags -lSDL2'

## ----------------- ##
## Output variables. ##
## ----------------- ##

ACLOCAL='${SHELL} '\''/mnt/FASTstorage/FASTprogs/emotionstreamer/code/mpg123-1.32.10/build/missing'\'' aclocal-1.16'
AIX_CFLAGS=''
AIX_LDFLAGS=''
AIX_LIBS=''
ALIB_CFLAGS=''
ALIB_LDFLAGS=''
ALIB_LIBS=''
ALSA_CFLAGS=''
ALSA_LDFLAGS=''
ALSA_LIBS='-lasound'
AMDEPBACKSLASH='\'
AMDEP_FALSE='#'
AMDEP_TRUE=''
AMTAR='$${TAR-tar}'
AM_BACKSLASH='\'
AM_DEFAULT_V='$(AM_DEFAULT_VERBOSITY)'
AM_DEFAULT_VERBOSITY='1'
AM_V='$(V)'
AR='ar'
ARTS_CFLAGS=''
ARTS_LDFLAGS=''
ARTS_LIBS=''
AS='as'
AUTOCONF='${SHELL} '\''/mnt/FASTstorage/FASTprogs/emotionstreamer/code/mpg123-1.32.10/build/missing'\'' autoconf'
AUTOHEADER='${SHELL} '\''/mnt/FASTstorage/FASTprogs/emotionstreamer/code/mpg123-1.32.10/build/missing'\'' autoheader'
AUTOMAKE='${SHELL} '\''/mnt/FASTstorage/FASTprogs/emotionstreamer/code/mpg123-1.32.10/build/missing'\'' automake-1.16'
AWK='gawk'
BUILD_AIX_FALSE=''
BUILD_AIX_TRUE='#'
BUILD_ALIB_FALSE=''
BUILD_ALIB_TRUE='#'
BUILD_ALSA_FALSE=''
BUILD_ALSA_TRUE='#'
BUILD_ARTS_FALSE=''
BUILD_ARTS_TRUE='#'
BUILD_BUFFER_FALSE='#'
BUILD_BUFFER_TRUE=''
BUILD_COREAUDIO_FALSE=''
BUILD_COREAUDIO_TRUE='#'
BUILD_DUMMY_FALSE=''
BUILD_DUMMY_TRUE='#'
BUILD_ESD_FALSE=''
BUILD_ESD_TRUE='#'
BUILD_HP_FALSE=''
BUILD_HP_TRUE='#'
BUILD_JACK_FALSE=''
BUILD_JACK_TRUE='#'
BUILD_LIBMPG123_FALSE='#'
BUILD_LIBMPG123_TRUE=''
BUILD_LIBOUT123_FALSE='#'
BUILD_LIBOUT123_MODULES_FALSE='#'
BUILD_LIBOUT123_MODULES_TRUE=''
BUILD_LIBOUT123_OR_MODULES_FALSE='#'
BUILD_LIBOUT123_OR_MODULES_TRUE=''
BUILD_LIBOUT123_TRUE=''
BUILD_LIBSYN123_FALSE='#'
BUILD_LIBSYN123_TRUE=''
BUILD_MINT_FALSE=''
BUILD_MINT_TRUE='#'
BUILD_NAS_FALSE=''
BUILD_NAS_TRUE='#'
BUILD_OPENAL_FALSE=''
BUILD_OPENAL_TRUE='#'
BUILD_OS2_FALSE=''
BUILD_OS2_TRUE='#'
BUILD_OSS_FALSE=''
BUILD_OSS_TRUE='#'
BUILD_PORTAUDIO_FALSE=''
BUILD_PORTAUDIO_TRUE='#'
BUILD_PROGRAMS_FALSE='#'
BUILD_PROGRAMS_TRUE=''
BUILD_PULSE_FALSE='#'
BUILD_PULSE_TRUE=''
BUILD_QSA_FALSE=''
BUILD_QSA_TRUE='#'
BUILD_SDL_FALSE=''
BUILD_SDL_TRUE='#'
BUILD_SGI_FALSE=''
BUILD_SGI_TRUE='#'
BUILD_SNDIO_FALSE=''
BUILD_SNDIO_TRUE='#'
BUILD_SUN_FALSE=''
BUILD_SUN_TRUE='#'
BUILD_TINYALSA_FALSE=''
BUILD_TINYALSA_TRUE='#'
BUILD_WIN32_FALSE=''
BUILD_WIN32_TRUE='#'
BUILD_WIN32_WASAPI_FALSE=''
BUILD_WIN32_WASAPI_TRUE='#'
CC='gcc'
CCAS='gcc'
CCASDEPMODE='depmode=gcc3'
CCASFLAGS='-g -O2'
CCDEPMODE='depmode=gcc3'
CFLAGS='-O2 -fomit-frame-pointer -funroll-all-loops -finline-functions -ffast-math  -g -O2'
COREAUDIO_CFLAGS=''
COREAUDIO_LDFLAGS=''
COREAUDIO_LIBS='-framework AudioToolbox'
CPP='gcc -E'
CPPFLAGS=' -DOPT_MULTI -DOPT_X86_64 -DOPT_GENERIC -DOPT_GENERIC_DITHER -DREAL_IS_FLOAT -DOPT_AVX '
CSCOPE='cscope'
CTAGS='ctags'
CYGPATH_W='echo'
DEFS='-DHAVE_CONFIG_H'
DEPDIR='.deps'
DLLTOOL='false'
DSYMUTIL=''
DUMMY_CFLAGS=''
DUMMY_LDFLAGS=''
DUMMY_LIBS=''
DUMPBIN=''
ECHO_C=''
ECHO_N='-n'
ECHO_T=''
EGREP='/usr/bin/grep -E'
ESD_CFLAGS=''
ESD_LDFLAGS=''
ESD_LIBS=''
ETAGS='etags'
EXEC_LT_LDFLAGS=''
EXEEXT=''
FGREP='/usr/bin/grep -F'
GREP='/usr/bin/grep'
HAVE_3DNOWEXT_FALSE=''
HAVE_3DNOWEXT_TRUE='#'
HAVE_3DNOWEXT_VINTAGE_FALSE=''
HAVE_3DNOWEXT_VINTAGE_TRUE='#'
HAVE_3DNOW_FALSE=''
HAVE_3DNOW_TRUE='#'
HAVE_3DNOW_VINTAGE_FALSE=''
HAVE_3DNOW_VINTAGE_TRUE='#'
HAVE_ACCURATE_FALSE='#'
HAVE_ACCURATE_TRUE=''
HAVE_AIX_FALSE=''
HAVE_AIX_TRUE='#'
HAVE_ALIB_FALSE=''
HAVE_ALIB_TRUE='#'
HAVE_ALSA_FALSE='#'
HAVE_ALSA_TRUE=''
HAVE_ALTIVEC_FALSE=''
HAVE_ALTIVEC_TRUE='#'
HAVE_ARM_FALSE=''
HAVE_ARM_TRUE='#'
HAVE_ARTS_FALSE=''
HAVE_ARTS_TRUE='#'
HAVE_AVX_FALSE='#'
HAVE_AVX_TRUE=''
HAVE_COREAUDIO_FALSE=''
HAVE_COREAUDIO_TRUE='#'
HAVE_DITHER_FALSE='#'
HAVE_DITHER_TRUE=''
HAVE_DUMMY_FALSE='#'
HAVE_DUMMY_TRUE=''
HAVE_EQUALIZER_FALSE='#'
HAVE_EQUALIZER_TRUE=''
HAVE_ESD_FALSE=''
HAVE_ESD_TRUE='#'
HAVE_FEATURE_FALSE='#'
HAVE_FEATURE_TRUE=''
HAVE_FLOATDCT_FALSE='#'
HAVE_FLOATDCT_TRUE=''
HAVE_GETCPUFLAGS_ARM_FALSE=''
HAVE_GETCPUFLAGS_ARM_TRUE='#'
HAVE_GETCPUFLAGS_FALSE=''
HAVE_GETCPUFLAGS_TRUE='#'
HAVE_GETCPUFLAGS_X86_64_FALSE='#'
HAVE_GETCPUFLAGS_X86_64_TRUE=''
HAVE_HP_FALSE=''
HAVE_HP_TRUE='#'
HAVE_I386_FALSE=''
HAVE_I386_TRUE='#'
HAVE_I486_FALSE=''
HAVE_I486_TRUE='#'
HAVE_I586_DITHER_FALSE=''
HAVE_I586_DITHER_TRUE='#'
HAVE_I586_FALSE=''
HAVE_I586_TRUE='#'
HAVE_ICY_FALSE='#'
HAVE_ICY_TRUE=''
HAVE_JACK_FALSE=''
HAVE_JACK_TRUE='#'
HAVE_LAYER1_FALSE='#'
HAVE_LAYER1_TRUE=''
HAVE_LAYER2_FALSE='#'
HAVE_LAYER2_TRUE=''
HAVE_LAYER3_FALSE='#'
HAVE_LAYER3_TRUE=''
HAVE_LFS_WRAP_FALSE='#'
HAVE_LFS_WRAP_TRUE=''
HAVE_MINT_FALSE=''
HAVE_MINT_TRUE='#'
HAVE_MMXTAB_FALSE=''
HAVE_MMXTAB_TRUE='#'
HAVE_MMX_FALSE=''
HAVE_MMX_TRUE='#'
HAVE_MODULES_FALSE='#'
HAVE_MODULES_TRUE=''
HAVE_NAS_FALSE=''
HAVE_NAS_TRUE='#'
HAVE_NEON64_FALSE=''
HAVE_NEON64_TRUE='#'
HAVE_NEON_FALSE=''
HAVE_NEON_TRUE='#'
HAVE_NTOM_FALSE='#'
HAVE_NTOM_TRUE=''
HAVE_OPENAL_FALSE='#'
HAVE_OPENAL_TRUE=''
HAVE_OS2_FALSE=''
HAVE_OS2_TRUE='#'
HAVE_OSS_FALSE='#'
HAVE_OSS_TRUE=''
HAVE_PORTAUDIO_FALSE=''
HAVE_PORTAUDIO_TRUE='#'
HAVE_PULSE_FALSE='#'
HAVE_PULSE_TRUE=''
HAVE_QSA_FALSE=''
HAVE_QSA_TRUE='#'
HAVE_RUNTIME_TABLES_FALSE=''
HAVE_RUNTIME_TABLES_TRUE='#'
HAVE_SDL_FALSE='#'
HAVE_SDL_TRUE=''
HAVE_SGI_FALSE=''
HAVE_SGI_TRUE='#'
HAVE_SNDIO_FALSE=''
HAVE_SNDIO_TRUE='#'
HAVE_SSE_FALSE=''
HAVE_SSE_TRUE='#'
HAVE_SSE_VINTAGE_FALSE=''
HAVE_SSE_VINTAGE_TRUE='#'
HAVE_STRING_FALSE='#'
HAVE_STRING_TRUE=''
HAVE_SUN_FALSE=''
HAVE_SUN_TRUE='#'
HAVE_SYNTH16_FALSE='#'
HAVE_SYNTH16_TRUE=''
HAVE_SYNTH32_FALSE='#'
HAVE_SYNTH32_TRUE=''
HAVE_SYNTH8_FALSE='#'
HAVE_SYNTH8_TRUE=''
HAVE_SYNTHREAL_FALSE='#'
HAVE_SYNTHREAL_TRUE=''
HAVE_TINYALSA_FALSE=''
HAVE_TINYALSA_TRUE='#'
HAVE_WIN32_FALSE=''
HAVE_WIN32_TRUE='#'
HAVE_WIN32_WASAPI_FALSE=''
HAVE_WIN32_WASAPI_TRUE='#'
HAVE_X86_64_FALSE='#'
HAVE_X86_64_MONO_FALSE='#'
HAVE_X86_64_MONO_TRUE=''
HAVE_X86_64_TRUE=''
HP_CFLAGS=''
HP_LDFLAGS=''
HP_LIBS=''
INSTALL_DATA='${INSTALL} -m 644'
INSTALL_PROGRAM='${INSTALL}'
INSTALL_SCRIPT='${INSTALL}'
INSTALL_STRIP_PROGRAM='$(install_sh) -c -s'
JACK_CFLAGS=''
JACK_LDFLAGS=''
JACK_LIBS=''
LD='/usr/bin/ld -m elf_x86_64'
LDFLAGS=' '
LIBDL='-ldl'
LIBM='-lm'
LIBMPG123_LIBS='-lm '
LIBMPG123_VERSION='48:3:48'
LIBOBJS=''
LIBOUT123_LIBS=' -lm '
LIBOUT123_VERSION='5:1:5'
LIBS=''
LIBSYN123_LIBS='-lm'
LIBSYN123_VERSION='2:3:2'
LIBTOOL='$(SHELL) $(top_builddir)/libtool'
LIB_CFLAGS='-shared'
LIPO=''
LN_S='ln -s'
LTLIBOBJS=''
LT_LDFLAGS='-export-dynamic'
LT_SYS_LIBRARY_PATH=''
MAKEINFO='${SHELL} '\''/mnt/FASTstorage/FASTprogs/emotionstreamer/code/mpg123-1.32.10/build/missing'\'' makeinfo'
MANIFEST_TOOL=':'
MINT_CFLAGS=''
MINT_LDFLAGS=''
MINT_LIBS=''
MKDIR_P='/usr/bin/mkdir -p'
NAS_CFLAGS=''
NAS_LDFLAGS=''
NAS_LIBS='-laudio'
NEED_LIB_FALSE='#'
NEED_LIB_TRUE=''
NEED_MAINLIB_FALSE='#'
NEED_MAINLIB_TRUE=''
NET123_EXEC_FALSE='#'
NET123_EXEC_TRUE=''
NET123_FALSE='#'
NET123_TRUE=''
NET123_WINHTTP_FALSE=''
NET123_WINHTTP_TRUE='#'
NET123_WININET_FALSE=''
NET123_WININET_TRUE='#'
NETWORK_WINSOCK_FALSE=''
NETWORK_WINSOCK_TRUE='#'
NM='/usr/bin/nm -B'
NMEDIT=''
OBJDUMP='objdump'
OBJEXT='o'
OPENAL_CFLAGS='-DOPENAL_SUBDIR_AL'
OPENAL_LDFLAGS=''
OPENAL_LIBS='-lopenal'
OS2_CFLAGS='-idirafter /@unixroot/usr/include/os2tk45'
OS2_LDFLAGS=''
OS2_LIBS='-lcx -lmmpm2'
OSS_CFLAGS=''
OSS_LDFLAGS=''
OSS_LIBS=''
OTOOL64=''
OTOOL=''
PACKAGE='mpg123'
PACKAGE_BUGREPORT='maintainer@mpg123.org'
PACKAGE_NAME='mpg123'
PACKAGE_STRING='mpg123 1.32.10'
PACKAGE_TARNAME='mpg123'
PACKAGE_URL=''
PACKAGE_VERSION='1.32.10'
PATH_SEPARATOR=':'
PKG_CONFIG='/usr/bin/pkg-config'
PKG_CONFIG_LIBDIR=''
PKG_CONFIG_PATH=''
PORTAUDIO_CFLAGS=''
PORTAUDIO_LDFLAGS=''
PORTAUDIO_LIBS='-lportaudio'
PROG_LIBS='-lm '
PULSE_CFLAGS='-D_REENTRANT'
PULSE_LDFLAGS=''
PULSE_LIBS='-lpulse-simple -lpulse'
QSA_CFLAGS=''
QSA_LDFLAGS=''
QSA_LIBS=''
RANLIB='ranlib'
SDL_CFLAGS='-D_REENTRANT -I/usr/local/include -I/usr/local/include/SDL2'
SDL_LDFLAGS=''
SDL_LIBS='-L/usr/local/lib -Wl,-rpath,/usr/local/lib -Wl,--enable-new-dtags -lSDL2'
SED='/usr/bin/sed'
SET_MAKE=''
SGI_CFLAGS=''
SGI_LDFLAGS=''
SGI_LIBS=''
SHELL='/bin/bash'
SNDIO_CFLAGS=''
SNDIO_LDFLAGS=''
SNDIO_LIBS=''
STRIP='strip'
SUN_CFLAGS=''
SUN_LDFLAGS=''
SUN_LIBS=''
TERM_NONE_FALSE=''
TERM_NONE_TRUE='#'
TERM_POSIX_FALSE='#'
TERM_POSIX_TRUE=''
TERM_WIN32_FALSE=''
TERM_WIN32_TRUE='#'
TINYALSA_CFLAGS=''
TINYALSA_LDFLAGS=''
TINYALSA_LIBS='-ltinyalsa'
USE_YASM_FOR_AVX_FALSE=''
USE_YASM_FOR_AVX_TRUE='#'
VERSION='1.32.10'
WIN32_CFLAGS=''
WIN32_CODES_FALSE=''
WIN32_CODES_TRUE='#'
WIN32_LDFLAGS=''
WIN32_LIBS='-lwinmm'
WIN32_WASAPI_CFLAGS=''
WIN32_WASAPI_LDFLAGS=''
WIN32_WASAPI_LIBS='-lole32 -lavrt'
YASM='no'
YASMFLAGS=''
YASM_FORMAT=''
ac_ct_AR='ar'
ac_ct_CC='gcc'
ac_ct_DUMPBIN=''
am__EXEEXT_FALSE=''
am__EXEEXT_TRUE='#'
am__fastdepCCAS_FALSE='#'
am__fastdepCCAS_TRUE=''
am__fastdepCC_FALSE='#'
am__fastdepCC_TRUE=''
am__include='include'
am__isrc=''
am__leading_dot='.'
am__nodep='_no'
am__quote=''
am__tar='$${TAR-tar} chof - "$$tardir"'
am__untar='$${TAR-tar} xf -'
bindir='${exec_prefix}/bin'
build='x86_64-pc-linux-gnu'
build_alias=''
build_cpu='x86_64'
build_os='linux-gnu'
build_vendor='pc'
datadir='${datarootdir}'
datarootdir='${prefix}/share'
docdir='${datarootdir}/doc/${PACKAGE_TARNAME}'
dvidir='${docdir}'
exec_prefix='${prefix}'
host='x86_64-pc-linux-gnu'
host_alias=''
host_cpu='x86_64'
host_os='linux-gnu'
host_vendor='pc'
htmldir='${docdir}'
includedir='${prefix}/include'
infodir='${datarootdir}/info'
install_sh='${SHELL} /mnt/FASTstorage/FASTprogs/emotionstreamer/code/mpg123-1.32.10/build/install-sh'
libdir='${exec_prefix}/lib'
libexecdir='${exec_prefix}/libexec'
localedir='${datarootdir}/locale'
localstatedir='${prefix}/var'
mandir='${datarootdir}/man'
mkdir_p='$(MKDIR_P)'
oldincludedir='/usr/include'
output_modules='pulse alsa oss sdl openal dummy'
output_modules_la=' output_pulse.la output_alsa.la output_oss.la output_sdl.la output_openal.la output_dummy.la'
pdfdir='${docdir}'
prefix='/usr/local'
program_transform_name='s,x,x,'
psdir='${docdir}'
runstatedir='${localstatedir}/run'
sbindir='${exec_prefix}/sbin'
sharedstatedir='${prefix}/com'
sysconfdir='${prefix}/etc'
target_alias=''

## ----------- ##
## confdefs.h. ##
## ----------- ##

/* confdefs.h */
#define PACKAGE_NAME "mpg123"
#define PACKAGE_TARNAME "mpg123"
#define PACKAGE_VERSION "1.32.10"
#define PACKAGE_STRING "mpg123 1.32.10"
#define PACKAGE_BUGREPORT "maintainer@mpg123.org"
#define PACKAGE_URL ""
#define PACKAGE "mpg123"
#define VERSION "1.32.10"
#define HAVE_CLOCK_GETTIME 1
#define HAVE_STDIO_H 1
#define HAVE_STDLIB_H 1
#define HAVE_STRING_H 1
#define HAVE_INTTYPES_H 1
#define HAVE_STDINT_H 1
#define HAVE_STRINGS_H 1
#define HAVE_SYS_STAT_H 1
#define HAVE_SYS_TYPES_H 1
#define HAVE_UNISTD_H 1
#define STDC_HEADERS 1
#define DYNAMIC_BUILD 1
#define HAVE_DLOPEN 1
#define HAVE_DLSYM 1
#define HAVE_DLCLOSE 1
#define HAVE_DLFCN_H 1
#define LT_OBJDIR ".libs/"
#define USE_MODULES 1
#define LT_MODULE_EXT ".so"
#define GAPLESS 1
#define USE_NEW_HUFFTABLE 1
#define ACCURATE_ROUNDING 1
#define IEEE_FLOAT 1
#define ASMALIGN_BALIGN 1
#define HAVE_UNISTD_H 1
#define HAVE_SCHED_H 1
#define HAVE_SYS_IOCTL_H 1
#define HAVE_SYS_TYPES_H 1
#define HAVE_SYS_TIME_H 1
#define HAVE_SYS_WAIT_H 1
#define HAVE_SYS_RESOURCE_H 1
#define HAVE_SYS_SIGNAL_H 1
#define HAVE_SIGNAL_H 1
#define HAVE_SYS_SELECT_H 1
#define HAVE_DIRENT_H 1
#define HAVE_SYS_STAT_H 1
#define SIZEOF_OFF_T 8
#define HAVE_MMAP 1
#define HAVE_WINCON_H 1
#define HAVE_TERMIOS 1
#define HAVE_RANDOM 1
#define HAVE_SETENV 1
#define HAVE_UNSETENV 1
#define HAVE_SCHED_SETSCHEDULER 1
#define HAVE_SETUID 1
#define HAVE_GETUID 1
#define HAVE_SETPRIORITY 1
#define HAVE_STRERROR 1
#define HAVE_STRERROR_L 1
#define HAVE_USELOCALE 1
#define HAVE_SETLOCALE 1
#define HAVE_NL_LANGINFO 1
#define HAVE_MBSTOWCS 1
#define HAVE_WCSTOMBS 1
#define HAVE_WCSWIDTH 1
#define HAVE_ISWPRINT 1
#define HAVE_ATOLL 1
#define HAVE_MKFIFO 1
#define HAVE_FORK 1
#define HAVE_EXECVP 1
#define HAVE_CTERMID 1
#define HAVE_LOCALE_H 1
#define HAVE_LANGINFO_H 1
#define HAVE_WCHAR_H 1
#define HAVE_WCTYPE_H 1
#define HAVE_NETDB_H 1
#define HAVE_SYS_PARAM_H 1
#define HAVE_SYS_SOCKET_H 1
#define HAVE_NETINET_IN_H 1
#define HAVE_ARPA_INET_H 1
#define HAVE_GETADDRINFO 1
#define HAVE_LIBM 1
#define HAVE_BYTESWAP_H 1
#define CCALIGN 1
#define HAVE_SYS_SOUNDCARD_H 1
#define HAVE_LINUX_SOUNDCARD_H 1
#define HAVE_AL_AL_H 1
#define HAVE_AL_ALC_H 1
#define DEFAULT_OUTPUT_MODULE "pulse,alsa,oss,sdl,openal"
#define FRAME_INDEX 1
#define INDEX_SIZE 1000
#define NET123 1
#define NET123_EXEC 1
#define FIFO 1
#define NETWORK 1
#define IPV6 1

configure: exit 0
